{
    "temp_max": 23.93000030517578,
    "temp_min": 9.619999885559082,
    "temp_mitjana": 15.850000381469727
}