{
    "temp_max": 21.170000076293945,
    "temp_min": 3.930000066757202,
    "temp_mitjana": 12.369999885559082
}