{
    "temp_max": 14.619999885559082,
    "temp_min": 5.820000171661377,
    "temp_mitjana": 10.149999618530273
}