{
    "temp_max": 24.530000686645508,
    "temp_min": 12.880000114440918,
    "temp_mitjana": 19.479999542236328
}