{
    "temp_max": 18.3700008392334,
    "temp_min": 2.5199999809265137,
    "temp_mitjana": 10.109999656677246
}