{
    "temp_max": 14.869999885559082,
    "temp_min": 2.8299999237060547,
    "temp_mitjana": 9.0
}