{
    "temp_max": 19.920000076293945,
    "temp_min": 6.679999828338623,
    "temp_mitjana": 14.430000305175781
}