{
    "temp_max": 30.43000030517578,
    "temp_min": 18.3700008392334,
    "temp_mitjana": 24.25
}