{
    "temp_max": 24.479999542236328,
    "temp_min": 12.180000305175781,
    "temp_mitjana": 18.030000686645508
}