{
    "temp_max": 24.1299991607666,
    "temp_min": 10.619999885559082,
    "temp_mitjana": 16.700000762939453
}