{
    "temp_max": 26.270000457763672,
    "temp_min": 17.43000030517578,
    "temp_mitjana": 22.280000686645508
}