{
    "temp_max": 22.479999542236328,
    "temp_min": 7.070000171661377,
    "temp_mitjana": 12.890000343322754
}