{
    "temp_max": 19.3700008392334,
    "temp_min": 6.480000019073486,
    "temp_mitjana": 12.930000305175781
}