{
    "temp_max": 19.780000686645508,
    "temp_min": 6.46999979019165,
    "temp_mitjana": 12.739999771118164
}