{
    "temp_max": 32.779998779296875,
    "temp_min": 19.8700008392334,
    "temp_mitjana": 26.040000915527344
}