{
    "temp_max": 14.119999885559082,
    "temp_min": -0.6700000166893005,
    "temp_mitjana": 7.829999923706055
}