{
    "temp_max": 30.979999542236328,
    "temp_min": 19.3700008392334,
    "temp_mitjana": 24.8799991607666
}