{
    "temp_max": 22.3799991607666,
    "temp_min": 12.220000267028809,
    "temp_mitjana": 16.440000534057617
}