{
    "temp_max": 14.479999542236328,
    "temp_min": 2.7200000286102295,
    "temp_mitjana": 7.309999942779541
}