{
    "temp_max": 16.719999313354492,
    "temp_min": 7.320000171661377,
    "temp_mitjana": 10.760000228881836
}