{
    "temp_max": 31.219999313354492,
    "temp_min": 17.8700008392334,
    "temp_mitjana": 23.799999237060547
}