{
    "temp_max": 27.56999969482422,
    "temp_min": 10.329999923706055,
    "temp_mitjana": 18.40999984741211
}