{
    "temp_max": 18.68000030517578,
    "temp_min": 2.9800000190734863,
    "temp_mitjana": 9.859999656677246
}