{
    "temp_max": 22.56999969482422,
    "temp_min": 11.819999694824219,
    "temp_mitjana": 17.100000381469727
}