{
    "temp_max": 34.619998931884766,
    "temp_min": 22.030000686645508,
    "temp_mitjana": 27.440000534057617
}