{
    "temp_max": 15.369999885559082,
    "temp_min": 4.630000114440918,
    "temp_mitjana": 9.329999923706055
}