{
    "temp_max": 23.8700008392334,
    "temp_min": 9.779999732971191,
    "temp_mitjana": 16.780000686645508
}