{
    "temp_max": 19.6200008392334,
    "temp_min": 1.7799999713897705,
    "temp_mitjana": 10.789999961853027
}