{
    "temp_max": 23.920000076293945,
    "temp_min": 11.729999542236328,
    "temp_mitjana": 18.31999969482422
}