{
    "temp_max": 26.8700008392334,
    "temp_min": 14.170000076293945,
    "temp_mitjana": 20.219999313354492
}