{
    "temp_max": 18.6200008392334,
    "temp_min": 5.78000020980835,
    "temp_mitjana": 12.430000305175781
}