{
    "temp_max": 17.6299991607666,
    "temp_min": 7.869999885559082,
    "temp_mitjana": 13.0
}