{
    "temp_max": 23.829999923706055,
    "temp_min": 9.319999694824219,
    "temp_mitjana": 16.5
}