{
    "temp_max": 18.1200008392334,
    "temp_min": 2.319999933242798,
    "temp_mitjana": 9.899999618530273
}