{
    "temp_max": 36.33000183105469,
    "temp_min": 21.030000686645508,
    "temp_mitjana": 26.799999237060547
}