{
    "temp_max": 19.780000686645508,
    "temp_min": 7.570000171661377,
    "temp_mitjana": 12.739999771118164
}