{
    "temp_max": 33.77000045776367,
    "temp_min": 18.6299991607666,
    "temp_mitjana": 27.389999389648438
}