{
    "temp_max": 23.770000457763672,
    "temp_min": 12.279999732971191,
    "temp_mitjana": 19.0
}