{
    "temp_max": 32.68000030517578,
    "temp_min": 21.6299991607666,
    "temp_mitjana": 25.309999465942383
}