{
    "temp_max": 18.420000076293945,
    "temp_min": 0.3799999952316284,
    "temp_mitjana": 11.699999809265137
}