{
    "temp_max": 29.18000030517578,
    "temp_min": 17.770000457763672,
    "temp_mitjana": 23.68000030517578
}