{
    "temp_max": 31.670000076293945,
    "temp_min": 22.06999969482422,
    "temp_mitjana": 26.760000228881836
}