{
    "temp_max": 27.520000457763672,
    "temp_min": 17.770000457763672,
    "temp_mitjana": 22.6299991607666
}