{
    "temp_max": 34.630001068115234,
    "temp_min": 21.829999923706055,
    "temp_mitjana": 27.579999923706055
}