{
    "temp_max": 32.47999954223633,
    "temp_min": 19.719999313354492,
    "temp_mitjana": 25.479999542236328
}