{
    "temp_max": 30.270000457763672,
    "temp_min": 18.219999313354492,
    "temp_mitjana": 24.229999542236328
}