{
    "temp_max": 19.219999313354492,
    "temp_min": 1.6299999952316284,
    "temp_mitjana": 13.170000076293945
}