{
    "temp_max": 32.18000030517578,
    "temp_min": 23.270000457763672,
    "temp_mitjana": 27.549999237060547
}