{
    "temp_max": 27.6299991607666,
    "temp_min": 12.970000267028809,
    "temp_mitjana": 19.299999237060547
}