{
    "temp_max": 30.31999969482422,
    "temp_min": 21.520000457763672,
    "temp_mitjana": 26.1299991607666
}