{
    "temp_max": 31.1299991607666,
    "temp_min": 13.520000457763672,
    "temp_mitjana": 20.350000381469727
}