{
    "temp_max": 20.780000686645508,
    "temp_min": 5.269999980926514,
    "temp_mitjana": 10.479999542236328
}