{
    "temp_max": 19.969999313354492,
    "temp_min": 6.579999923706055,
    "temp_mitjana": 11.569999694824219
}