{
    "temp_max": 16.670000076293945,
    "temp_min": 4.630000114440918,
    "temp_mitjana": 10.90999984741211
}