{
    "temp_max": 16.3700008392334,
    "temp_min": 6.429999828338623,
    "temp_mitjana": 12.850000381469727
}