{
    "temp_max": 26.670000076293945,
    "temp_min": 13.079999923706055,
    "temp_mitjana": 21.56999969482422
}