{
    "temp_max": 27.6200008392334,
    "temp_min": 11.430000305175781,
    "temp_mitjana": 21.09000015258789
}