{
    "temp_max": 31.68000030517578,
    "temp_min": 20.020000457763672,
    "temp_mitjana": 26.1299991607666
}