{
    "temp_max": 26.219999313354492,
    "temp_min": 17.729999542236328,
    "temp_mitjana": 21.68000030517578
}