{
    "temp_max": 23.979999542236328,
    "temp_min": 13.920000076293945,
    "temp_mitjana": 18.65999984741211
}