{
    "temp_max": 23.8799991607666,
    "temp_min": 10.319999694824219,
    "temp_mitjana": 17.040000915527344
}