{
    "temp_max": 30.920000076293945,
    "temp_min": 20.579999923706055,
    "temp_mitjana": 26.350000381469727
}