{
    "temp_max": 19.719999313354492,
    "temp_min": 5.329999923706055,
    "temp_mitjana": 11.489999771118164
}