{
    "temp_max": 23.520000457763672,
    "temp_min": 10.470000267028809,
    "temp_mitjana": 16.989999771118164
}