{
    "temp_max": 14.619999885559082,
    "temp_min": 1.8300000429153442,
    "temp_mitjana": 6.670000076293945
}