{
    "temp_max": 29.329999923706055,
    "temp_min": 14.479999542236328,
    "temp_mitjana": 20.5
}