{
    "temp_max": 31.329999923706055,
    "temp_min": 20.8700008392334,
    "temp_mitjana": 25.18000030517578
}