{
    "temp_max": 30.530000686645508,
    "temp_min": 13.520000457763672,
    "temp_mitjana": 20.270000457763672
}