{
    "temp_max": 30.530000686645508,
    "temp_min": 13.869999885559082,
    "temp_mitjana": 20.219999313354492
}