{
    "temp_max": 18.469999313354492,
    "temp_min": 6.53000020980835,
    "temp_mitjana": 12.289999961853027
}