{
    "temp_max": 31.469999313354492,
    "temp_min": 20.770000457763672,
    "temp_mitjana": 25.719999313354492
}