{
    "temp_max": 33.119998931884766,
    "temp_min": 22.68000030517578,
    "temp_mitjana": 27.299999237060547
}