{
    "temp_max": 28.469999313354492,
    "temp_min": 19.719999313354492,
    "temp_mitjana": 24.190000534057617
}