{
    "temp_max": 30.280000686645508,
    "temp_min": 19.81999969482422,
    "temp_mitjana": 24.68000030517578
}