{
    "temp_max": 25.43000030517578,
    "temp_min": 14.619999885559082,
    "temp_mitjana": 19.5
}