{
    "temp_max": 30.280000686645508,
    "temp_min": 18.469999313354492,
    "temp_mitjana": 23.139999389648438
}