{
    "temp_max": 31.229999542236328,
    "temp_min": 20.3700008392334,
    "temp_mitjana": 24.860000610351562
}