{
    "temp_max": 19.969999313354492,
    "temp_min": 9.020000457763672,
    "temp_mitjana": 14.710000038146973
}