{
    "temp_max": 17.219999313354492,
    "temp_min": 8.420000076293945,
    "temp_mitjana": 13.329999923706055
}