{
    "temp_max": 32.18000030517578,
    "temp_min": 23.280000686645508,
    "temp_mitjana": 27.600000381469727
}