{
    "temp_max": 14.670000076293945,
    "temp_min": 5.170000076293945,
    "temp_mitjana": 9.760000228881836
}