{
    "temp_max": 29.829999923706055,
    "temp_min": 18.3799991607666,
    "temp_mitjana": 25.170000076293945
}