{
    "temp_max": 22.56999969482422,
    "temp_min": 11.970000267028809,
    "temp_mitjana": 17.139999389648438
}