{
    "temp_max": 22.729999542236328,
    "temp_min": 11.170000076293945,
    "temp_mitjana": 16.989999771118164
}