{
    "temp_max": 24.219999313354492,
    "temp_min": 11.979999542236328,
    "temp_mitjana": 17.360000610351562
}