{
    "temp_max": 24.3799991607666,
    "temp_min": 9.569999694824219,
    "temp_mitjana": 16.559999465942383
}