{
    "temp_max": 23.770000457763672,
    "temp_min": 10.680000305175781,
    "temp_mitjana": 18.969999313354492
}