{
    "temp_max": 15.229999542236328,
    "temp_min": 3.0299999713897705,
    "temp_mitjana": 8.680000305175781
}