{
    "temp_max": 29.6200008392334,
    "temp_min": 20.270000457763672,
    "temp_mitjana": 24.31999969482422
}