{
    "temp_max": 26.06999969482422,
    "temp_min": 9.279999732971191,
    "temp_mitjana": 16.719999313354492
}