{
    "temp_max": 18.8799991607666,
    "temp_min": 7.829999923706055,
    "temp_mitjana": 12.729999542236328
}