{
    "temp_max": 24.18000030517578,
    "temp_min": 14.720000267028809,
    "temp_mitjana": 19.139999389648438
}