{
    "temp_max": 36.72999954223633,
    "temp_min": 22.979999542236328,
    "temp_mitjana": 29.34000015258789
}