{
    "temp_max": 17.8700008392334,
    "temp_min": 6.78000020980835,
    "temp_mitjana": 12.079999923706055
}