{
    "temp_max": 16.670000076293945,
    "temp_min": 2.630000114440918,
    "temp_mitjana": 8.9399995803833
}