{
    "temp_max": 27.6299991607666,
    "temp_min": 18.1200008392334,
    "temp_mitjana": 22.579999923706055
}