{
    "temp_max": 19.030000686645508,
    "temp_min": 4.570000171661377,
    "temp_mitjana": 10.579999923706055
}