{
    "temp_max": 32.72999954223633,
    "temp_min": 17.520000457763672,
    "temp_mitjana": 23.149999618530273
}