{
    "temp_max": 30.68000030517578,
    "temp_min": 17.969999313354492,
    "temp_mitjana": 23.81999969482422
}