{
    "temp_max": 18.780000686645508,
    "temp_min": 6.869999885559082,
    "temp_mitjana": 12.460000038146973
}