{
    "temp_max": 15.170000076293945,
    "temp_min": 5.079999923706055,
    "temp_mitjana": 10.520000457763672
}