{
    "temp_max": 32.720001220703125,
    "temp_min": 22.420000076293945,
    "temp_mitjana": 26.190000534057617
}