{
    "temp_max": 22.8700008392334,
    "temp_min": 11.819999694824219,
    "temp_mitjana": 17.770000457763672
}