{
    "temp_max": 29.6200008392334,
    "temp_min": 17.43000030517578,
    "temp_mitjana": 24.850000381469727
}