{
    "temp_max": 20.219999313354492,
    "temp_min": 1.6299999952316284,
    "temp_mitjana": 12.920000076293945
}