{
    "temp_max": 14.579999923706055,
    "temp_min": 6.03000020980835,
    "temp_mitjana": 10.09000015258789
}