{
    "temp_max": 19.969999313354492,
    "temp_min": 6.329999923706055,
    "temp_mitjana": 14.529999732971191
}