{
    "temp_max": 31.229999542236328,
    "temp_min": 20.670000076293945,
    "temp_mitjana": 25.190000534057617
}