{
    "temp_max": 14.670000076293945,
    "temp_min": 0.47999998927116394,
    "temp_mitjana": 9.229999542236328
}