{
    "temp_max": 23.729999542236328,
    "temp_min": 13.069999694824219,
    "temp_mitjana": 17.5
}