{
    "temp_max": 25.6299991607666,
    "temp_min": 13.069999694824219,
    "temp_mitjana": 18.610000610351562
}