{
    "temp_max": 11.970000267028809,
    "temp_min": 1.4800000190734863,
    "temp_mitjana": 6.420000076293945
}