{
    "temp_max": 32.630001068115234,
    "temp_min": 20.469999313354492,
    "temp_mitjana": 26.190000534057617
}