{
    "temp_max": 24.670000076293945,
    "temp_min": 11.130000114440918,
    "temp_mitjana": 16.920000076293945
}