{
    "temp_max": 20.969999313354492,
    "temp_min": 8.520000457763672,
    "temp_mitjana": 16.219999313354492
}