{
    "temp_max": 27.1200008392334,
    "temp_min": 17.6200008392334,
    "temp_mitjana": 22.360000610351562
}