{
    "temp_max": 15.130000114440918,
    "temp_min": 6.369999885559082,
    "temp_mitjana": 10.850000381469727
}