{
    "temp_max": 16.030000686645508,
    "temp_min": 2.4200000762939453,
    "temp_mitjana": 7.610000133514404
}