{
    "temp_max": 21.770000457763672,
    "temp_min": 11.729999542236328,
    "temp_mitjana": 17.520000457763672
}