{
    "temp_max": 18.920000076293945,
    "temp_min": 6.829999923706055,
    "temp_mitjana": 12.3100004196167
}