{
    "temp_max": 17.770000457763672,
    "temp_min": 5.380000114440918,
    "temp_mitjana": 11.949999809265137
}