{
    "temp_max": 22.020000457763672,
    "temp_min": 9.630000114440918,
    "temp_mitjana": 17.139999389648438
}