{
    "temp_max": 17.3799991607666,
    "temp_min": 3.2699999809265137,
    "temp_mitjana": 9.420000076293945
}