{
    "temp_max": 23.469999313354492,
    "temp_min": 10.819999694824219,
    "temp_mitjana": 16.889999389648438
}