{
    "temp_max": 16.520000457763672,
    "temp_min": 8.720000267028809,
    "temp_mitjana": 13.0
}