{
    "temp_max": 23.93000030517578,
    "temp_min": 10.069999694824219,
    "temp_mitjana": 15.710000038146973
}