{
    "temp_max": 32.029998779296875,
    "temp_min": 21.270000457763672,
    "temp_mitjana": 25.489999771118164
}