{
    "temp_max": 27.56999969482422,
    "temp_min": 8.479999542236328,
    "temp_mitjana": 17.360000610351562
}