{
    "temp_max": 18.6200008392334,
    "temp_min": 6.630000114440918,
    "temp_mitjana": 12.399999618530273
}