{
    "temp_max": 15.920000076293945,
    "temp_min": 6.730000019073486,
    "temp_mitjana": 12.039999961853027
}