{
    "temp_max": 17.479999542236328,
    "temp_min": 4.570000171661377,
    "temp_mitjana": 9.789999961853027
}