{
    "temp_max": 21.020000457763672,
    "temp_min": 13.970000267028809,
    "temp_mitjana": 17.719999313354492
}