{
    "temp_max": 25.979999542236328,
    "temp_min": 13.270000457763672,
    "temp_mitjana": 19.1200008392334
}