{
    "temp_max": 20.6200008392334,
    "temp_min": 9.130000114440918,
    "temp_mitjana": 15.039999961853027
}