{
    "temp_max": 16.770000457763672,
    "temp_min": 7.369999885559082,
    "temp_mitjana": 12.779999732971191
}