{
    "temp_max": 29.280000686645508,
    "temp_min": 18.6200008392334,
    "temp_mitjana": 24.030000686645508
}