{
    "temp_max": 25.219999313354492,
    "temp_min": 10.279999732971191,
    "temp_mitjana": 16.600000381469727
}