{
    "temp_max": 17.3700008392334,
    "temp_min": 7.03000020980835,
    "temp_mitjana": 12.300000190734863
}