{
    "temp_max": 28.670000076293945,
    "temp_min": 18.079999923706055,
    "temp_mitjana": 22.809999465942383
}