{
    "temp_max": 18.56999969482422,
    "temp_min": 8.020000457763672,
    "temp_mitjana": 12.350000381469727
}