{
    "temp_max": 31.729999542236328,
    "temp_min": 23.06999969482422,
    "temp_mitjana": 27.270000457763672
}