{
    "temp_max": 24.030000686645508,
    "temp_min": 11.670000076293945,
    "temp_mitjana": 17.420000076293945
}