{
    "temp_max": 31.020000457763672,
    "temp_min": 21.8799991607666,
    "temp_mitjana": 26.329999923706055
}