{
    "temp_max": 24.030000686645508,
    "temp_min": 11.770000457763672,
    "temp_mitjana": 17.059999465942383
}