{
    "temp_max": 30.969999313354492,
    "temp_min": 21.1200008392334,
    "temp_mitjana": 25.860000610351562
}