{
    "temp_max": 22.979999542236328,
    "temp_min": 6.420000076293945,
    "temp_mitjana": 13.100000381469727
}