{
    "temp_max": 35.77000045776367,
    "temp_min": 20.729999542236328,
    "temp_mitjana": 28.56999969482422
}