{
    "temp_max": 16.969999313354492,
    "temp_min": 6.96999979019165,
    "temp_mitjana": 11.380000114440918
}