{
    "temp_max": 32.16999816894531,
    "temp_min": 20.030000686645508,
    "temp_mitjana": 27.530000686645508
}