{
    "temp_max": 24.170000076293945,
    "temp_min": 10.420000076293945,
    "temp_mitjana": 16.989999771118164
}