{
    "temp_max": 29.06999969482422,
    "temp_min": 18.1200008392334,
    "temp_mitjana": 22.850000381469727
}