{
    "temp_max": 24.780000686645508,
    "temp_min": 12.270000457763672,
    "temp_mitjana": 17.729999542236328
}