{
    "temp_max": 26.579999923706055,
    "temp_min": 12.229999542236328,
    "temp_mitjana": 20.110000610351562
}