{
    "temp_max": 16.280000686645508,
    "temp_min": 6.829999923706055,
    "temp_mitjana": 12.100000381469727
}