{
    "temp_max": 12.920000076293945,
    "temp_min": 2.3299999237060547,
    "temp_mitjana": 7.630000114440918
}