{
    "temp_max": 26.81999969482422,
    "temp_min": 10.170000076293945,
    "temp_mitjana": 17.56999969482422
}