{
    "temp_max": 17.920000076293945,
    "temp_min": 2.819999933242798,
    "temp_mitjana": 10.079999923706055
}