{
    "temp_max": 20.219999313354492,
    "temp_min": 7.230000019073486,
    "temp_mitjana": 14.649999618530273
}