{
    "temp_max": 19.93000030517578,
    "temp_min": 6.96999979019165,
    "temp_mitjana": 12.279999732971191
}