{
    "temp_max": 23.719999313354492,
    "temp_min": 10.819999694824219,
    "temp_mitjana": 16.700000762939453
}