{
    "temp_max": 32.97999954223633,
    "temp_min": 17.56999969482422,
    "temp_mitjana": 23.479999542236328
}