{
    "temp_max": 30.81999969482422,
    "temp_min": 21.1200008392334,
    "temp_mitjana": 25.8799991607666
}