{
    "temp_max": 22.06999969482422,
    "temp_min": 12.869999885559082,
    "temp_mitjana": 18.190000534057617
}