{
    "temp_max": 17.56999969482422,
    "temp_min": 6.670000076293945,
    "temp_mitjana": 11.65999984741211
}