{
    "temp_max": 19.3799991607666,
    "temp_min": 4.78000020980835,
    "temp_mitjana": 12.180000305175781
}