{
    "temp_max": 28.6200008392334,
    "temp_min": 18.3700008392334,
    "temp_mitjana": 23.3700008392334
}