{
    "temp_max": 36.77000045776367,
    "temp_min": 22.56999969482422,
    "temp_mitjana": 28.360000610351562
}