{
    "temp_max": 15.069999694824219,
    "temp_min": 2.3299999237060547,
    "temp_mitjana": 9.279999732971191
}