{
    "temp_max": 30.969999313354492,
    "temp_min": 20.6299991607666,
    "temp_mitjana": 26.170000076293945
}