{
    "temp_max": 17.969999313354492,
    "temp_min": 5.380000114440918,
    "temp_mitjana": 12.09000015258789
}