{
    "temp_max": 35.83000183105469,
    "temp_min": 20.920000076293945,
    "temp_mitjana": 27.549999237060547
}