{
    "temp_max": 22.93000030517578,
    "temp_min": 9.170000076293945,
    "temp_mitjana": 16.979999542236328
}