{
    "temp_max": 31.06999969482422,
    "temp_min": 17.420000076293945,
    "temp_mitjana": 23.440000534057617
}