{
    "temp_max": 24.020000457763672,
    "temp_min": 12.720000267028809,
    "temp_mitjana": 18.670000076293945
}