{
    "temp_max": 13.369999885559082,
    "temp_min": 3.9800000190734863,
    "temp_mitjana": 10.119999885559082
}