{
    "temp_max": 20.780000686645508,
    "temp_min": 5.21999979019165,
    "temp_mitjana": 10.630000114440918
}