{
    "temp_max": 14.520000457763672,
    "temp_min": 0.7799999713897705,
    "temp_mitjana": 9.550000190734863
}