{
    "temp_max": 24.3799991607666,
    "temp_min": 12.979999542236328,
    "temp_mitjana": 19.15999984741211
}