{
    "temp_max": 31.06999969482422,
    "temp_min": 19.770000457763672,
    "temp_mitjana": 24.770000457763672
}