{
    "temp_max": 15.569999694824219,
    "temp_min": 7.480000019073486,
    "temp_mitjana": 11.880000114440918
}