{
    "temp_max": 23.56999969482422,
    "temp_min": 10.720000267028809,
    "temp_mitjana": 16.68000030517578
}