{
    "temp_max": 27.93000030517578,
    "temp_min": 17.68000030517578,
    "temp_mitjana": 22.5
}