{
    "temp_max": 16.1299991607666,
    "temp_min": 7.570000171661377,
    "temp_mitjana": 12.15999984741211
}