{
    "temp_max": 35.970001220703125,
    "temp_min": 19.329999923706055,
    "temp_mitjana": 26.110000610351562
}