{
    "temp_max": 21.270000457763672,
    "temp_min": 7.630000114440918,
    "temp_mitjana": 14.850000381469727
}