{
    "temp_max": 27.020000457763672,
    "temp_min": 17.56999969482422,
    "temp_mitjana": 22.170000076293945
}