{
    "temp_max": 14.869999885559082,
    "temp_min": 5.929999828338623,
    "temp_mitjana": 10.489999771118164
}