{
    "temp_max": 31.93000030517578,
    "temp_min": 18.270000457763672,
    "temp_mitjana": 23.110000610351562
}