{
    "temp_max": 29.520000457763672,
    "temp_min": 20.420000076293945,
    "temp_mitjana": 24.809999465942383
}