{
    "temp_max": 23.81999969482422,
    "temp_min": 11.779999732971191,
    "temp_mitjana": 18.790000915527344
}