{
    "temp_max": 21.969999313354492,
    "temp_min": 8.170000076293945,
    "temp_mitjana": 13.470000267028809
}