{
    "temp_max": 15.720000267028809,
    "temp_min": 5.78000020980835,
    "temp_mitjana": 11.279999732971191
}