{
    "temp_max": 21.3700008392334,
    "temp_min": 12.279999732971191,
    "temp_mitjana": 17.270000457763672
}