{
    "temp_max": 35.66999816894531,
    "temp_min": 23.31999969482422,
    "temp_mitjana": 27.59000015258789
}