{
    "temp_max": 27.479999542236328,
    "temp_min": 13.470000267028809,
    "temp_mitjana": 19.729999542236328
}