{
    "temp_max": 26.420000076293945,
    "temp_min": 17.43000030517578,
    "temp_mitjana": 22.25
}