{
    "temp_max": 28.43000030517578,
    "temp_min": 10.270000457763672,
    "temp_mitjana": 16.84000015258789
}