{
    "temp_max": 15.779999732971191,
    "temp_min": 4.679999828338623,
    "temp_mitjana": 9.710000038146973
}