{
    "temp_max": 14.319999694824219,
    "temp_min": 6.019999980926514,
    "temp_mitjana": 11.010000228881836
}