{
    "temp_max": 15.720000267028809,
    "temp_min": 5.980000019073486,
    "temp_mitjana": 11.960000038146973
}