{
    "temp_max": 19.020000457763672,
    "temp_min": 8.020000457763672,
    "temp_mitjana": 13.760000228881836
}