{
    "temp_max": 16.020000457763672,
    "temp_min": 5.980000019073486,
    "temp_mitjana": 12.029999732971191
}