{
    "temp_max": 23.1200008392334,
    "temp_min": 11.819999694824219,
    "temp_mitjana": 16.799999237060547
}