{
    "temp_max": 29.329999923706055,
    "temp_min": 19.219999313354492,
    "temp_mitjana": 24.389999389648438
}