{
    "temp_max": 30.729999542236328,
    "temp_min": 19.1299991607666,
    "temp_mitjana": 24.170000076293945
}