{
    "temp_max": 23.56999969482422,
    "temp_min": 10.979999542236328,
    "temp_mitjana": 17.149999618530273
}