{
    "temp_max": 15.869999885559082,
    "temp_min": 7.570000171661377,
    "temp_mitjana": 12.229999542236328
}