{
    "temp_max": 15.569999694824219,
    "temp_min": 5.380000114440918,
    "temp_mitjana": 11.710000038146973
}