{
    "temp_max": 16.06999969482422,
    "temp_min": 5.730000019073486,
    "temp_mitjana": 12.760000228881836
}