{
    "temp_max": 31.93000030517578,
    "temp_min": 18.56999969482422,
    "temp_mitjana": 23.149999618530273
}