{
    "temp_max": 27.420000076293945,
    "temp_min": 16.43000030517578,
    "temp_mitjana": 22.450000762939453
}