{
    "temp_max": 13.520000457763672,
    "temp_min": 1.0299999713897705,
    "temp_mitjana": 8.979999542236328
}