{
    "temp_max": 18.1200008392334,
    "temp_min": 2.6700000762939453,
    "temp_mitjana": 9.819999694824219
}