{
    "temp_max": 22.8799991607666,
    "temp_min": 6.119999885559082,
    "temp_mitjana": 12.890000343322754
}