{
    "temp_max": 32.16999816894531,
    "temp_min": 21.829999923706055,
    "temp_mitjana": 26.760000228881836
}