{
    "temp_max": 29.920000076293945,
    "temp_min": 14.920000076293945,
    "temp_mitjana": 21.190000534057617
}