{
    "temp_max": 24.780000686645508,
    "temp_min": 11.020000457763672,
    "temp_mitjana": 16.75
}