{
    "temp_max": 35.869998931884766,
    "temp_min": 19.979999542236328,
    "temp_mitjana": 26.84000015258789
}