{
    "temp_max": 15.619999885559082,
    "temp_min": 7.179999828338623,
    "temp_mitjana": 11.899999618530273
}