{
    "temp_max": 15.470000267028809,
    "temp_min": 6.079999923706055,
    "temp_mitjana": 10.850000381469727
}