{
    "temp_max": 26.6299991607666,
    "temp_min": 13.720000267028809,
    "temp_mitjana": 20.219999313354492
}