{
    "temp_max": 26.770000457763672,
    "temp_min": 17.6200008392334,
    "temp_mitjana": 22.260000228881836
}