{
    "temp_max": 36.31999969482422,
    "temp_min": 21.030000686645508,
    "temp_mitjana": 27.440000534057617
}