{
    "temp_max": 26.030000686645508,
    "temp_min": 10.069999694824219,
    "temp_mitjana": 16.1299991607666
}