{
    "temp_max": 33.779998779296875,
    "temp_min": 20.020000457763672,
    "temp_mitjana": 25.729999542236328
}