{
    "temp_max": 27.469999313354492,
    "temp_min": 16.81999969482422,
    "temp_mitjana": 22.260000228881836
}