{
    "temp_max": 20.3799991607666,
    "temp_min": 9.329999923706055,
    "temp_mitjana": 14.170000076293945
}