{
    "temp_max": 30.68000030517578,
    "temp_min": 18.3799991607666,
    "temp_mitjana": 25.110000610351562
}