{
    "temp_max": 20.6200008392334,
    "temp_min": 6.829999923706055,
    "temp_mitjana": 14.5
}