{
    "temp_max": 13.569999694824219,
    "temp_min": 2.630000114440918,
    "temp_mitjana": 9.369999885559082
}