{
    "temp_max": 24.31999969482422,
    "temp_min": 15.180000305175781,
    "temp_mitjana": 19.31999969482422
}