{
    "temp_max": 24.56999969482422,
    "temp_min": 10.270000457763672,
    "temp_mitjana": 17.020000457763672
}