{
    "temp_max": 30.31999969482422,
    "temp_min": 20.3700008392334,
    "temp_mitjana": 25.43000030517578
}