{
    "temp_max": 34.06999969482422,
    "temp_min": 23.18000030517578,
    "temp_mitjana": 28.760000228881836
}