{
    "temp_max": 23.579999923706055,
    "temp_min": 12.579999923706055,
    "temp_mitjana": 17.549999237060547
}