{
    "temp_max": 28.780000686645508,
    "temp_min": 17.1200008392334,
    "temp_mitjana": 22.690000534057617
}