{
    "temp_max": 21.06999969482422,
    "temp_min": 8.029999732971191,
    "temp_mitjana": 15.890000343322754
}