{
    "temp_max": 27.68000030517578,
    "temp_min": 18.420000076293945,
    "temp_mitjana": 22.59000015258789
}