{
    "temp_max": 25.93000030517578,
    "temp_min": 12.770000457763672,
    "temp_mitjana": 19.450000762939453
}