{
    "temp_max": 16.270000457763672,
    "temp_min": 7.820000171661377,
    "temp_mitjana": 12.770000457763672
}