{
    "temp_max": 19.3700008392334,
    "temp_min": 7.070000171661377,
    "temp_mitjana": 12.020000457763672
}