{
    "temp_max": 30.6200008392334,
    "temp_min": 20.81999969482422,
    "temp_mitjana": 26.329999923706055
}