{
    "temp_max": 17.93000030517578,
    "temp_min": 4.730000019073486,
    "temp_mitjana": 12.130000114440918
}