{
    "temp_max": 29.280000686645508,
    "temp_min": 18.420000076293945,
    "temp_mitjana": 24.239999771118164
}