{
    "temp_max": 23.1200008392334,
    "temp_min": 14.119999885559082,
    "temp_mitjana": 18.690000534057617
}