{
    "temp_max": 26.81999969482422,
    "temp_min": 15.979999542236328,
    "temp_mitjana": 22.559999465942383
}