{
    "temp_max": 28.969999313354492,
    "temp_min": 17.530000686645508,
    "temp_mitjana": 22.34000015258789
}