{
    "temp_max": 16.979999542236328,
    "temp_min": 5.880000114440918,
    "temp_mitjana": 10.300000190734863
}