{
    "temp_max": 36.47999954223633,
    "temp_min": 20.219999313354492,
    "temp_mitjana": 27.18000030517578
}