{
    "temp_max": 21.6200008392334,
    "temp_min": 11.420000076293945,
    "temp_mitjana": 16.579999923706055
}