{
    "temp_max": 23.729999542236328,
    "temp_min": 13.369999885559082,
    "temp_mitjana": 17.350000381469727
}