{
    "temp_max": 18.68000030517578,
    "temp_min": 3.819999933242798,
    "temp_mitjana": 9.920000076293945
}