{
    "temp_max": 13.680000305175781,
    "temp_min": 3.9800000190734863,
    "temp_mitjana": 10.15999984741211
}