{
    "temp_max": 29.280000686645508,
    "temp_min": 15.770000457763672,
    "temp_mitjana": 21.780000686645508
}