{
    "temp_max": 21.8700008392334,
    "temp_min": 13.520000457763672,
    "temp_mitjana": 17.790000915527344
}