{
    "temp_max": 34.68000030517578,
    "temp_min": 22.3700008392334,
    "temp_mitjana": 28.229999542236328
}