{
    "temp_max": 28.81999969482422,
    "temp_min": 20.079999923706055,
    "temp_mitjana": 23.790000915527344
}