{
    "temp_max": 29.969999313354492,
    "temp_min": 18.530000686645508,
    "temp_mitjana": 25.389999389648438
}