{
    "temp_max": 14.470000267028809,
    "temp_min": 2.7200000286102295,
    "temp_mitjana": 6.989999771118164
}