{
    "temp_max": 14.770000457763672,
    "temp_min": 6.769999980926514,
    "temp_mitjana": 10.90999984741211
}