{
    "temp_max": 19.68000030517578,
    "temp_min": 8.430000305175781,
    "temp_mitjana": 12.979999542236328
}