{
    "temp_max": 30.68000030517578,
    "temp_min": 19.43000030517578,
    "temp_mitjana": 24.950000762939453
}