{
    "temp_max": 31.1299991607666,
    "temp_min": 21.170000076293945,
    "temp_mitjana": 25.3799991607666
}