{
    "temp_max": 31.329999923706055,
    "temp_min": 21.6200008392334,
    "temp_mitjana": 26.719999313354492
}