{
    "temp_max": 14.520000457763672,
    "temp_min": 2.2300000190734863,
    "temp_mitjana": 9.979999542236328
}