{
    "temp_max": 31.229999542236328,
    "temp_min": 20.219999313354492,
    "temp_mitjana": 24.850000381469727
}