{
    "temp_max": 28.530000686645508,
    "temp_min": 13.220000267028809,
    "temp_mitjana": 19.15999984741211
}