{
    "temp_max": 34.470001220703125,
    "temp_min": 21.829999923706055,
    "temp_mitjana": 27.770000457763672
}