{
    "temp_max": 20.520000457763672,
    "temp_min": 12.630000114440918,
    "temp_mitjana": 17.309999465942383
}