{
    "temp_max": 24.270000457763672,
    "temp_min": 15.180000305175781,
    "temp_mitjana": 19.290000915527344
}