{
    "temp_max": 21.020000457763672,
    "temp_min": 8.029999732971191,
    "temp_mitjana": 15.789999961853027
}