{
    "temp_max": 26.270000457763672,
    "temp_min": 17.020000457763672,
    "temp_mitjana": 21.56999969482422
}