{
    "temp_max": 31.6200008392334,
    "temp_min": 22.829999923706055,
    "temp_mitjana": 27.260000228881836
}