{
    "temp_max": 17.530000686645508,
    "temp_min": 3.630000114440918,
    "temp_mitjana": 11.329999923706055
}