{
    "temp_max": 32.130001068115234,
    "temp_min": 22.979999542236328,
    "temp_mitjana": 27.31999969482422
}