{
    "temp_max": 15.170000076293945,
    "temp_min": 4.679999828338623,
    "temp_mitjana": 10.15999984741211
}