{
    "temp_max": 30.31999969482422,
    "temp_min": 19.280000686645508,
    "temp_mitjana": 24.139999389648438
}