{
    "temp_max": 31.6200008392334,
    "temp_min": 23.43000030517578,
    "temp_mitjana": 27.3700008392334
}