{
    "temp_max": 32.529998779296875,
    "temp_min": 19.719999313354492,
    "temp_mitjana": 25.809999465942383
}