{
    "temp_max": 27.229999542236328,
    "temp_min": 17.6200008392334,
    "temp_mitjana": 21.729999542236328
}