{
    "temp_max": 19.56999969482422,
    "temp_min": 4.480000019073486,
    "temp_mitjana": 11.579999923706055
}