{
    "temp_max": 27.1299991607666,
    "temp_min": 13.069999694824219,
    "temp_mitjana": 18.719999313354492
}