{
    "temp_max": 19.020000457763672,
    "temp_min": 4.019999980926514,
    "temp_mitjana": 10.880000114440918
}