{
    "temp_max": 18.920000076293945,
    "temp_min": 6.880000114440918,
    "temp_mitjana": 11.869999885559082
}