{
    "temp_max": 23.81999969482422,
    "temp_min": 9.770000457763672,
    "temp_mitjana": 16.850000381469727
}