{
    "temp_max": 29.31999969482422,
    "temp_min": 20.270000457763672,
    "temp_mitjana": 24.350000381469727
}