{
    "temp_max": 17.1299991607666,
    "temp_min": 7.119999885559082,
    "temp_mitjana": 11.350000381469727
}