{
    "temp_max": 29.8700008392334,
    "temp_min": 19.43000030517578,
    "temp_mitjana": 24.790000915527344
}