{
    "temp_max": 20.829999923706055,
    "temp_min": 4.730000019073486,
    "temp_mitjana": 12.609999656677246
}