{
    "temp_max": 18.170000076293945,
    "temp_min": 5.380000114440918,
    "temp_mitjana": 12.149999618530273
}