{
    "temp_max": 30.530000686645508,
    "temp_min": 21.1200008392334,
    "temp_mitjana": 25.09000015258789
}