{
    "temp_max": 23.520000457763672,
    "temp_min": 14.569999694824219,
    "temp_mitjana": 19.579999923706055
}