{
    "temp_max": 31.479999542236328,
    "temp_min": 17.920000076293945,
    "temp_mitjana": 23.459999084472656
}