{
    "temp_max": 26.6299991607666,
    "temp_min": 10.920000076293945,
    "temp_mitjana": 18.290000915527344
}