{
    "temp_max": 29.729999542236328,
    "temp_min": 18.469999313354492,
    "temp_mitjana": 22.90999984741211
}