{
    "temp_max": 34.47999954223633,
    "temp_min": 21.979999542236328,
    "temp_mitjana": 27.809999465942383
}