{
    "temp_max": 19.969999313354492,
    "temp_min": 5.619999885559082,
    "temp_mitjana": 11.130000114440918
}