{
    "temp_max": 17.420000076293945,
    "temp_min": 7.679999828338623,
    "temp_mitjana": 12.270000457763672
}