{
    "temp_max": 13.619999885559082,
    "temp_min": 3.9800000190734863,
    "temp_mitjana": 10.09000015258789
}