{
    "temp_max": 26.729999542236328,
    "temp_min": 15.119999885559082,
    "temp_mitjana": 20.139999389648438
}