{
    "temp_max": 31.770000457763672,
    "temp_min": 20.469999313354492,
    "temp_mitjana": 26.139999389648438
}