{
    "temp_max": 29.170000076293945,
    "temp_min": 19.31999969482422,
    "temp_mitjana": 24.020000457763672
}