{
    "temp_max": 17.920000076293945,
    "temp_min": 5.980000019073486,
    "temp_mitjana": 11.420000076293945
}