{
    "temp_max": 18.420000076293945,
    "temp_min": 0.5799999833106995,
    "temp_mitjana": 10.170000076293945
}