{
    "temp_max": 21.1200008392334,
    "temp_min": 11.880000114440918,
    "temp_mitjana": 17.350000381469727
}