{
    "temp_max": 30.3799991607666,
    "temp_min": 15.430000305175781,
    "temp_mitjana": 21.610000610351562
}