{
    "temp_max": 30.68000030517578,
    "temp_min": 20.920000076293945,
    "temp_mitjana": 25.209999084472656
}