{
    "temp_max": 23.670000076293945,
    "temp_min": 11.229999542236328,
    "temp_mitjana": 16.8700008392334
}