{
    "temp_max": 14.270000457763672,
    "temp_min": 1.9199999570846558,
    "temp_mitjana": 6.820000171661377
}