{
    "temp_max": 32.08000183105469,
    "temp_min": 22.719999313354492,
    "temp_mitjana": 27.3799991607666
}