{
    "temp_max": 18.8799991607666,
    "temp_min": 7.829999923706055,
    "temp_mitjana": 13.029999732971191
}