{
    "temp_max": 26.8799991607666,
    "temp_min": 17.81999969482422,
    "temp_mitjana": 21.959999084472656
}