{
    "temp_max": 24.18000030517578,
    "temp_min": 13.319999694824219,
    "temp_mitjana": 19.18000030517578
}