{
    "temp_max": 34.58000183105469,
    "temp_min": 22.270000457763672,
    "temp_mitjana": 27.690000534057617
}