{
    "temp_max": 15.069999694824219,
    "temp_min": 4.179999828338623,
    "temp_mitjana": 10.369999885559082
}