{
    "temp_max": 26.81999969482422,
    "temp_min": 17.170000076293945,
    "temp_mitjana": 22.18000030517578
}