{
    "temp_max": 32.72999954223633,
    "temp_min": 20.469999313354492,
    "temp_mitjana": 26.309999465942383
}