{
    "temp_max": 19.8700008392334,
    "temp_min": 5.820000171661377,
    "temp_mitjana": 10.899999618530273
}