{
    "temp_max": 26.770000457763672,
    "temp_min": 10.180000305175781,
    "temp_mitjana": 17.780000686645508
}