{
    "temp_max": 24.270000457763672,
    "temp_min": 9.270000457763672,
    "temp_mitjana": 15.949999809265137
}