{
    "temp_max": 24.31999969482422,
    "temp_min": 13.069999694824219,
    "temp_mitjana": 19.5
}