{
    "temp_max": 33.72999954223633,
    "temp_min": 20.170000076293945,
    "temp_mitjana": 25.479999542236328
}