{
    "temp_max": 27.770000457763672,
    "temp_min": 16.81999969482422,
    "temp_mitjana": 22.280000686645508
}