{
    "temp_max": 20.770000457763672,
    "temp_min": 8.579999923706055,
    "temp_mitjana": 15.890000343322754
}