{
    "temp_max": 19.3700008392334,
    "temp_min": 7.880000114440918,
    "temp_mitjana": 12.579999923706055
}