{
    "temp_max": 15.619999885559082,
    "temp_min": 5.880000114440918,
    "temp_mitjana": 10.770000457763672
}