{
    "temp_max": 15.319999694824219,
    "temp_min": 8.130000114440918,
    "temp_mitjana": 12.140000343322754
}