{
    "temp_max": 35.91999816894531,
    "temp_min": 19.93000030517578,
    "temp_mitjana": 26.299999237060547
}