{
    "temp_max": 28.219999313354492,
    "temp_min": 17.729999542236328,
    "temp_mitjana": 23.43000030517578
}