{
    "temp_max": 18.1299991607666,
    "temp_min": 3.119999885559082,
    "temp_mitjana": 9.920000076293945
}