{
    "temp_max": 21.969999313354492,
    "temp_min": 8.020000457763672,
    "temp_mitjana": 13.470000267028809
}