{
    "temp_max": 14.720000267028809,
    "temp_min": 2.2300000190734863,
    "temp_mitjana": 9.109999656677246
}