{
    "temp_max": 25.81999969482422,
    "temp_min": 14.670000076293945,
    "temp_mitjana": 19.93000030517578
}