{
    "temp_max": 25.43000030517578,
    "temp_min": 14.369999885559082,
    "temp_mitjana": 19.239999771118164
}