{
    "temp_max": 27.479999542236328,
    "temp_min": 17.520000457763672,
    "temp_mitjana": 21.989999771118164
}