{
    "temp_max": 14.670000076293945,
    "temp_min": 0.7799999713897705,
    "temp_mitjana": 9.449999809265137
}