{
    "temp_max": 21.06999969482422,
    "temp_min": 9.020000457763672,
    "temp_mitjana": 15.420000076293945
}