{
    "temp_max": 31.030000686645508,
    "temp_min": 17.6200008392334,
    "temp_mitjana": 23.65999984741211
}