{
    "temp_max": 23.270000457763672,
    "temp_min": 10.430000305175781,
    "temp_mitjana": 17.030000686645508
}