{
    "temp_max": 17.93000030517578,
    "temp_min": 2.2300000190734863,
    "temp_mitjana": 9.960000038146973
}