{
    "temp_max": 15.869999885559082,
    "temp_min": 6.769999980926514,
    "temp_mitjana": 11.819999694824219
}