{
    "temp_max": 24.670000076293945,
    "temp_min": 10.279999732971191,
    "temp_mitjana": 16.68000030517578
}