{
    "temp_max": 28.479999542236328,
    "temp_min": 17.780000686645508,
    "temp_mitjana": 22.790000915527344
}