{
    "temp_max": 17.3799991607666,
    "temp_min": 3.119999885559082,
    "temp_mitjana": 9.930000305175781
}