{
    "temp_max": 17.479999542236328,
    "temp_min": 3.869999885559082,
    "temp_mitjana": 9.670000076293945
}