{
    "temp_max": 25.770000457763672,
    "temp_min": 17.670000076293945,
    "temp_mitjana": 21.889999389648438
}