{
    "temp_max": 28.8799991607666,
    "temp_min": 14.670000076293945,
    "temp_mitjana": 20.1299991607666
}