{
    "temp_max": 34.529998779296875,
    "temp_min": 22.670000076293945,
    "temp_mitjana": 27.280000686645508
}