{
    "temp_max": 20.1200008392334,
    "temp_min": 4.480000019073486,
    "temp_mitjana": 11.649999618530273
}