{
    "temp_max": 31.1200008392334,
    "temp_min": 19.530000686645508,
    "temp_mitjana": 25.540000915527344
}