{
    "temp_max": 28.8700008392334,
    "temp_min": 20.079999923706055,
    "temp_mitjana": 24.1299991607666
}