{
    "temp_max": 29.3799991607666,
    "temp_min": 14.920000076293945,
    "temp_mitjana": 20.959999084472656
}