{
    "temp_max": 26.56999969482422,
    "temp_min": 11.979999542236328,
    "temp_mitjana": 21.0
}