{
    "temp_max": 19.829999923706055,
    "temp_min": 3.119999885559082,
    "temp_mitjana": 11.180000305175781
}