{
    "temp_max": 15.430000305175781,
    "temp_min": 3.430000066757202,
    "temp_mitjana": 9.5
}