{
    "temp_max": 33.279998779296875,
    "temp_min": 19.579999923706055,
    "temp_mitjana": 25.639999389648438
}