{
    "temp_max": 27.6200008392334,
    "temp_min": 11.329999923706055,
    "temp_mitjana": 21.510000228881836
}