{
    "temp_max": 25.780000686645508,
    "temp_min": 12.079999923706055,
    "temp_mitjana": 19.739999771118164
}