{
    "temp_max": 30.43000030517578,
    "temp_min": 18.420000076293945,
    "temp_mitjana": 24.399999618530273
}