{
    "temp_max": 29.079999923706055,
    "temp_min": 17.1200008392334,
    "temp_mitjana": 22.729999542236328
}