{
    "temp_max": 15.470000267028809,
    "temp_min": 5.380000114440918,
    "temp_mitjana": 11.760000228881836
}