{
    "temp_max": 32.56999969482422,
    "temp_min": 22.670000076293945,
    "temp_mitjana": 27.209999084472656
}