{
    "temp_max": 34.52000045776367,
    "temp_min": 22.469999313354492,
    "temp_mitjana": 27.440000534057617
}