{
    "temp_max": 24.670000076293945,
    "temp_min": 15.029999732971191,
    "temp_mitjana": 19.309999465942383
}