{
    "temp_max": 17.670000076293945,
    "temp_min": 6.519999980926514,
    "temp_mitjana": 11.399999618530273
}