{
    "temp_max": 30.93000030517578,
    "temp_min": 21.420000076293945,
    "temp_mitjana": 26.579999923706055
}