{
    "temp_max": 24.229999542236328,
    "temp_min": 10.680000305175781,
    "temp_mitjana": 19.049999237060547
}