{
    "temp_max": 25.979999542236328,
    "temp_min": 15.170000076293945,
    "temp_mitjana": 19.979999542236328
}