{
    "temp_max": 24.729999542236328,
    "temp_min": 12.119999885559082,
    "temp_mitjana": 17.479999542236328
}