{
    "temp_max": 31.329999923706055,
    "temp_min": 21.270000457763672,
    "temp_mitjana": 25.329999923706055
}