{
    "temp_max": 16.1200008392334,
    "temp_min": 1.4299999475479126,
    "temp_mitjana": 9.270000457763672
}