{
    "temp_max": 32.93000030517578,
    "temp_min": 23.56999969482422,
    "temp_mitjana": 27.899999618530273
}