{
    "temp_max": 21.469999313354492,
    "temp_min": 11.979999542236328,
    "temp_mitjana": 16.959999084472656
}