{
    "temp_max": 29.170000076293945,
    "temp_min": 14.920000076293945,
    "temp_mitjana": 20.40999984741211
}