{
    "temp_max": 31.719999313354492,
    "temp_min": 23.020000457763672,
    "temp_mitjana": 27.3700008392334
}