{
    "temp_max": 17.479999542236328,
    "temp_min": 2.9700000286102295,
    "temp_mitjana": 9.680000305175781
}