{
    "temp_max": 26.93000030517578,
    "temp_min": 13.420000076293945,
    "temp_mitjana": 19.690000534057617
}