{
    "temp_max": 19.56999969482422,
    "temp_min": 8.020000457763672,
    "temp_mitjana": 13.520000457763672
}