{
    "temp_max": 29.68000030517578,
    "temp_min": 17.479999542236328,
    "temp_mitjana": 23.739999771118164
}