{
    "temp_max": 28.920000076293945,
    "temp_min": 19.31999969482422,
    "temp_mitjana": 23.920000076293945
}