{
    "temp_max": 20.780000686645508,
    "temp_min": 6.880000114440918,
    "temp_mitjana": 14.430000305175781
}