{
    "temp_max": 31.219999313354492,
    "temp_min": 22.1299991607666,
    "temp_mitjana": 25.479999542236328
}