{
    "temp_max": 19.770000457763672,
    "temp_min": 6.21999979019165,
    "temp_mitjana": 11.649999618530273
}