{
    "temp_max": 16.469999313354492,
    "temp_min": 6.619999885559082,
    "temp_mitjana": 11.039999961853027
}