{
    "temp_max": 27.06999969482422,
    "temp_min": 13.479999542236328,
    "temp_mitjana": 20.709999084472656
}