{
    "temp_max": 31.229999542236328,
    "temp_min": 20.920000076293945,
    "temp_mitjana": 25.209999084472656
}