{
    "temp_max": 22.81999969482422,
    "temp_min": 9.680000305175781,
    "temp_mitjana": 17.43000030517578
}