{
    "temp_max": 18.31999969482422,
    "temp_min": 8.020000457763672,
    "temp_mitjana": 12.3100004196167
}