{
    "temp_max": 31.329999923706055,
    "temp_min": 17.920000076293945,
    "temp_mitjana": 23.360000610351562
}