{
    "temp_max": 24.270000457763672,
    "temp_min": 13.069999694824219,
    "temp_mitjana": 19.329999923706055
}