{
    "temp_max": 22.8799991607666,
    "temp_min": 10.869999885559082,
    "temp_mitjana": 16.670000076293945
}