{
    "temp_max": 21.1299991607666,
    "temp_min": 8.279999732971191,
    "temp_mitjana": 14.569999694824219
}