{
    "temp_max": 30.6200008392334,
    "temp_min": 19.1299991607666,
    "temp_mitjana": 26.459999084472656
}