{
    "temp_max": 17.270000457763672,
    "temp_min": 6.730000019073486,
    "temp_mitjana": 12.90999984741211
}