{
    "temp_max": 24.219999313354492,
    "temp_min": 15.079999923706055,
    "temp_mitjana": 19.68000030517578
}