{
    "temp_max": 28.520000457763672,
    "temp_min": 19.479999542236328,
    "temp_mitjana": 23.209999084472656
}