{
    "temp_max": 20.31999969482422,
    "temp_min": 5.369999885559082,
    "temp_mitjana": 13.130000114440918
}