{
    "temp_max": 31.18000030517578,
    "temp_min": 17.81999969482422,
    "temp_mitjana": 24.030000686645508
}