{
    "temp_max": 18.469999313354492,
    "temp_min": 2.619999885559082,
    "temp_mitjana": 10.470000267028809
}