{
    "temp_max": 23.079999923706055,
    "temp_min": 13.270000457763672,
    "temp_mitjana": 17.8700008392334
}