{
    "temp_max": 26.079999923706055,
    "temp_min": 13.270000457763672,
    "temp_mitjana": 19.079999923706055
}