{
    "temp_max": 12.829999923706055,
    "temp_min": 2.5299999713897705,
    "temp_mitjana": 9.550000190734863
}