{
    "temp_max": 34.279998779296875,
    "temp_min": 20.31999969482422,
    "temp_mitjana": 26.209999084472656
}