{
    "temp_max": 16.56999969482422,
    "temp_min": 2.880000114440918,
    "temp_mitjana": 9.600000381469727
}