{
    "temp_max": 20.170000076293945,
    "temp_min": 4.920000076293945,
    "temp_mitjana": 13.329999923706055
}