{
    "temp_max": 30.6299991607666,
    "temp_min": 15.180000305175781,
    "temp_mitjana": 22.309999465942383
}