{
    "temp_max": 30.829999923706055,
    "temp_min": 17.479999542236328,
    "temp_mitjana": 24.239999771118164
}