{
    "temp_max": 36.77000045776367,
    "temp_min": 22.1299991607666,
    "temp_mitjana": 27.899999618530273
}