{
    "temp_max": 32.630001068115234,
    "temp_min": 23.81999969482422,
    "temp_mitjana": 27.8799991607666
}