{
    "temp_max": 20.8700008392334,
    "temp_min": 12.630000114440918,
    "temp_mitjana": 17.469999313354492
}