{
    "temp_max": 34.43000030517578,
    "temp_min": 18.020000457763672,
    "temp_mitjana": 24.190000534057617
}