{
    "temp_max": 30.6200008392334,
    "temp_min": 17.8700008392334,
    "temp_mitjana": 23.540000915527344
}