{
    "temp_max": 32.310001373291016,
    "temp_min": 20.81999969482422,
    "temp_mitjana": 26.1299991607666
}