{
    "temp_max": 16.3700008392334,
    "temp_min": 8.029999732971191,
    "temp_mitjana": 13.140000343322754
}