{
    "temp_max": 21.079999923706055,
    "temp_min": 9.119999885559082,
    "temp_mitjana": 15.220000267028809
}