{
    "temp_max": 23.06999969482422,
    "temp_min": 14.180000305175781,
    "temp_mitjana": 18.43000030517578
}