{
    "temp_max": 21.579999923706055,
    "temp_min": 7.929999828338623,
    "temp_mitjana": 14.5
}