{
    "temp_max": 20.219999313354492,
    "temp_min": 5.369999885559082,
    "temp_mitjana": 13.109999656677246
}