{
    "temp_max": 29.829999923706055,
    "temp_min": 13.670000076293945,
    "temp_mitjana": 21.360000610351562
}