{
    "temp_max": 19.479999542236328,
    "temp_min": 7.179999828338623,
    "temp_mitjana": 12.609999656677246
}