{
    "temp_max": 33.77000045776367,
    "temp_min": 21.43000030517578,
    "temp_mitjana": 26.700000762939453
}