{
    "temp_max": 29.280000686645508,
    "temp_min": 18.6200008392334,
    "temp_mitjana": 23.799999237060547
}