{
    "temp_max": 34.52000045776367,
    "temp_min": 22.280000686645508,
    "temp_mitjana": 27.40999984741211
}