{
    "temp_max": 14.720000267028809,
    "temp_min": 1.5800000429153442,
    "temp_mitjana": 10.1899995803833
}