{
    "temp_max": 24.3700008392334,
    "temp_min": 13.470000267028809,
    "temp_mitjana": 19.049999237060547
}