{
    "temp_max": 33.970001220703125,
    "temp_min": 22.020000457763672,
    "temp_mitjana": 27.170000076293945
}