{
    "temp_max": 32.27000045776367,
    "temp_min": 22.6200008392334,
    "temp_mitjana": 27.299999237060547
}