{
    "temp_max": 23.56999969482422,
    "temp_min": 10.869999885559082,
    "temp_mitjana": 16.860000610351562
}