{
    "temp_max": 18.3799991607666,
    "temp_min": 8.319999694824219,
    "temp_mitjana": 12.920000076293945
}