{
    "temp_max": 15.630000114440918,
    "temp_min": 5.670000076293945,
    "temp_mitjana": 10.59000015258789
}