{
    "temp_max": 26.56999969482422,
    "temp_min": 11.329999923706055,
    "temp_mitjana": 21.079999923706055
}