{
    "temp_max": 19.56999969482422,
    "temp_min": 1.4800000190734863,
    "temp_mitjana": 10.710000038146973
}