{
    "temp_max": 31.8799991607666,
    "temp_min": 20.1200008392334,
    "temp_mitjana": 25.329999923706055
}