{
    "temp_max": 29.829999923706055,
    "temp_min": 19.219999313354492,
    "temp_mitjana": 23.959999084472656
}