{
    "temp_max": 16.06999969482422,
    "temp_min": 4.380000114440918,
    "temp_mitjana": 10.1899995803833
}