{
    "temp_max": 15.369999885559082,
    "temp_min": 6.28000020980835,
    "temp_mitjana": 11.640000343322754
}