{
    "temp_max": 16.81999969482422,
    "temp_min": 4.630000114440918,
    "temp_mitjana": 10.829999923706055
}