{
    "temp_max": 22.530000686645508,
    "temp_min": 11.069999694824219,
    "temp_mitjana": 16.469999313354492
}