{
    "temp_max": 32.47999954223633,
    "temp_min": 19.56999969482422,
    "temp_mitjana": 25.399999618530273
}