{
    "temp_max": 35.81999969482422,
    "temp_min": 21.93000030517578,
    "temp_mitjana": 28.260000228881836
}