{
    "temp_max": 30.420000076293945,
    "temp_min": 20.079999923706055,
    "temp_mitjana": 24.920000076293945
}