{
    "temp_max": 29.6200008392334,
    "temp_min": 16.530000686645508,
    "temp_mitjana": 24.8799991607666
}