{
    "temp_max": 32.47999954223633,
    "temp_min": 21.18000030517578,
    "temp_mitjana": 27.389999389648438
}