{
    "temp_max": 18.93000030517578,
    "temp_min": 6.679999828338623,
    "temp_mitjana": 12.5
}