{
    "temp_max": 15.729999542236328,
    "temp_min": 0.029999999329447746,
    "temp_mitjana": 6.949999809265137
}