{
    "temp_max": 16.670000076293945,
    "temp_min": 6.230000019073486,
    "temp_mitjana": 13.1899995803833
}