{
    "temp_max": 29.579999923706055,
    "temp_min": 20.469999313354492,
    "temp_mitjana": 24.420000076293945
}