{
    "temp_max": 24.329999923706055,
    "temp_min": 11.779999732971191,
    "temp_mitjana": 18.780000686645508
}