{
    "temp_max": 19.93000030517578,
    "temp_min": 6.820000171661377,
    "temp_mitjana": 13.390000343322754
}