{
    "temp_max": 24.31999969482422,
    "temp_min": 13.319999694824219,
    "temp_mitjana": 18.3799991607666
}