{
    "temp_max": 34.880001068115234,
    "temp_min": 20.219999313354492,
    "temp_mitjana": 27.040000915527344
}