{
    "temp_max": 29.6200008392334,
    "temp_min": 18.479999542236328,
    "temp_mitjana": 24.600000381469727
}