{
    "temp_max": 19.719999313354492,
    "temp_min": 5.570000171661377,
    "temp_mitjana": 13.0
}