{
    "temp_max": 29.780000686645508,
    "temp_min": 20.979999542236328,
    "temp_mitjana": 25.329999923706055
}