{
    "temp_max": 31.3700008392334,
    "temp_min": 19.68000030517578,
    "temp_mitjana": 24.889999389648438
}