{
    "temp_max": 29.8700008392334,
    "temp_min": 20.719999313354492,
    "temp_mitjana": 24.3799991607666
}