{
    "temp_max": 34.08000183105469,
    "temp_min": 22.229999542236328,
    "temp_mitjana": 28.139999389648438
}