{
    "temp_max": 18.270000457763672,
    "temp_min": 1.4299999475479126,
    "temp_mitjana": 9.770000457763672
}