{
    "temp_max": 16.329999923706055,
    "temp_min": 2.369999885559082,
    "temp_mitjana": 8.6899995803833
}