{
    "temp_max": 15.829999923706055,
    "temp_min": 5.03000020980835,
    "temp_mitjana": 9.75
}