{
    "temp_max": 26.079999923706055,
    "temp_min": 13.619999885559082,
    "temp_mitjana": 19.1299991607666
}