{
    "temp_max": 29.579999923706055,
    "temp_min": 19.469999313354492,
    "temp_mitjana": 25.010000228881836
}