{
    "temp_max": 32.279998779296875,
    "temp_min": 21.780000686645508,
    "temp_mitjana": 27.040000915527344
}