{
    "temp_max": 35.43000030517578,
    "temp_min": 22.3700008392334,
    "temp_mitjana": 28.239999771118164
}