{
    "temp_max": 12.619999885559082,
    "temp_min": 0.6299999952316284,
    "temp_mitjana": 6.460000038146973
}