{
    "temp_max": 16.979999542236328,
    "temp_min": 6.480000019073486,
    "temp_mitjana": 10.699999809265137
}