{
    "temp_max": 28.3700008392334,
    "temp_min": 16.81999969482422,
    "temp_mitjana": 22.440000534057617
}