{
    "temp_max": 27.56999969482422,
    "temp_min": 7.579999923706055,
    "temp_mitjana": 17.969999313354492
}