{
    "temp_max": 27.31999969482422,
    "temp_min": 10.329999923706055,
    "temp_mitjana": 18.1299991607666
}