{
    "temp_max": 18.31999969482422,
    "temp_min": 2.319999933242798,
    "temp_mitjana": 9.960000038146973
}