{
    "temp_max": 19.3799991607666,
    "temp_min": 6.940000057220459,
    "temp_mitjana": 12.5600004196167
}