{
    "temp_max": 29.3700008392334,
    "temp_min": 14.920000076293945,
    "temp_mitjana": 20.18000030517578
}