{
    "temp_max": 21.31999969482422,
    "temp_min": 8.520000457763672,
    "temp_mitjana": 16.25
}