{
    "temp_max": 20.6200008392334,
    "temp_min": 3.930000066757202,
    "temp_mitjana": 11.970000267028809
}