{
    "temp_max": 22.969999313354492,
    "temp_min": 10.670000076293945,
    "temp_mitjana": 16.709999084472656
}