{
    "temp_max": 29.780000686645508,
    "temp_min": 19.729999542236328,
    "temp_mitjana": 24.8799991607666
}