{
    "temp_max": 19.3700008392334,
    "temp_min": 5.630000114440918,
    "temp_mitjana": 10.979999542236328
}