{
    "temp_max": 34.43000030517578,
    "temp_min": 18.1200008392334,
    "temp_mitjana": 24.18000030517578
}