{
    "temp_max": 31.670000076293945,
    "temp_min": 21.6200008392334,
    "temp_mitjana": 26.889999389648438
}