{
    "temp_max": 16.270000457763672,
    "temp_min": 8.270000457763672,
    "temp_mitjana": 13.460000038146973
}