{
    "temp_max": 37.880001068115234,
    "temp_min": 23.8799991607666,
    "temp_mitjana": 29.520000457763672
}