{
    "temp_max": 34.630001068115234,
    "temp_min": 20.969999313354492,
    "temp_mitjana": 27.06999969482422
}