{
    "temp_max": 26.1299991607666,
    "temp_min": 10.869999885559082,
    "temp_mitjana": 17.559999465942383
}