{
    "temp_max": 16.219999313354492,
    "temp_min": 6.03000020980835,
    "temp_mitjana": 11.90999984741211
}