{
    "temp_max": 14.520000457763672,
    "temp_min": 0.8299999833106995,
    "temp_mitjana": 9.640000343322754
}