{
    "temp_max": 28.969999313354492,
    "temp_min": 18.520000457763672,
    "temp_mitjana": 22.3700008392334
}