{
    "temp_max": 30.3799991607666,
    "temp_min": 18.420000076293945,
    "temp_mitjana": 24.3700008392334
}