{
    "temp_max": 14.979999542236328,
    "temp_min": 3.7300000190734863,
    "temp_mitjana": 9.25
}