{
    "temp_max": 15.770000457763672,
    "temp_min": 5.78000020980835,
    "temp_mitjana": 11.369999885559082
}