{
    "temp_max": 26.670000076293945,
    "temp_min": 13.869999885559082,
    "temp_mitjana": 20.329999923706055
}