{
    "temp_max": 14.770000457763672,
    "temp_min": 0.47999998927116394,
    "temp_mitjana": 9.050000190734863
}