{
    "temp_max": 32.81999969482422,
    "temp_min": 22.1299991607666,
    "temp_mitjana": 27.010000228881836
}