{
    "temp_max": 15.930000305175781,
    "temp_min": 7.570000171661377,
    "temp_mitjana": 12.130000114440918
}