{
    "temp_max": 19.3700008392334,
    "temp_min": 5.420000076293945,
    "temp_mitjana": 11.020000457763672
}