{
    "temp_max": 14.970000267028809,
    "temp_min": 5.119999885559082,
    "temp_mitjana": 8.9399995803833
}