{
    "temp_max": 18.469999313354492,
    "temp_min": 1.2300000190734863,
    "temp_mitjana": 9.520000457763672
}