{
    "temp_max": 23.719999313354492,
    "temp_min": 11.069999694824219,
    "temp_mitjana": 17.100000381469727
}