{
    "temp_max": 32.630001068115234,
    "temp_min": 21.670000076293945,
    "temp_mitjana": 26.719999313354492
}