{
    "temp_max": 24.020000457763672,
    "temp_min": 12.720000267028809,
    "temp_mitjana": 18.350000381469727
}