{
    "temp_max": 25.8700008392334,
    "temp_min": 14.569999694824219,
    "temp_mitjana": 19.700000762939453
}