{
    "temp_max": 31.219999313354492,
    "temp_min": 20.030000686645508,
    "temp_mitjana": 25.81999969482422
}