{
    "temp_max": 31.969999313354492,
    "temp_min": 23.3700008392334,
    "temp_mitjana": 27.649999618530273
}