{
    "temp_max": 18.219999313354492,
    "temp_min": 5.980000019073486,
    "temp_mitjana": 11.430000305175781
}