{
    "temp_max": 22.469999313354492,
    "temp_min": 12.130000114440918,
    "temp_mitjana": 18.1200008392334
}