{
    "temp_max": 27.280000686645508,
    "temp_min": 18.1200008392334,
    "temp_mitjana": 22.5
}