{
    "temp_max": 26.31999969482422,
    "temp_min": 9.979999542236328,
    "temp_mitjana": 17.0
}