{
    "temp_max": 18.079999923706055,
    "temp_min": 8.319999694824219,
    "temp_mitjana": 12.920000076293945
}