{
    "temp_max": 16.770000457763672,
    "temp_min": 6.230000019073486,
    "temp_mitjana": 13.220000267028809
}