{
    "temp_max": 33.43000030517578,
    "temp_min": 19.8700008392334,
    "temp_mitjana": 25.329999923706055
}