{
    "temp_max": 28.770000457763672,
    "temp_min": 18.68000030517578,
    "temp_mitjana": 22.90999984741211
}