{
    "temp_max": 31.93000030517578,
    "temp_min": 19.6200008392334,
    "temp_mitjana": 25.31999969482422
}