{
    "temp_max": 14.970000267028809,
    "temp_min": 2.130000114440918,
    "temp_mitjana": 8.800000190734863
}