{
    "temp_max": 36.529998779296875,
    "temp_min": 21.520000457763672,
    "temp_mitjana": 27.920000076293945
}