{
    "temp_max": 18.479999542236328,
    "temp_min": 4.53000020980835,
    "temp_mitjana": 12.170000076293945
}