{
    "temp_max": 16.56999969482422,
    "temp_min": 6.230000019073486,
    "temp_mitjana": 13.210000038146973
}