{
    "temp_max": 29.219999313354492,
    "temp_min": 18.469999313354492,
    "temp_mitjana": 23.899999618530273
}