{
    "temp_max": 19.1299991607666,
    "temp_min": 5.019999980926514,
    "temp_mitjana": 10.029999732971191
}