{
    "temp_max": 25.93000030517578,
    "temp_min": 13.119999885559082,
    "temp_mitjana": 19.459999084472656
}