{
    "temp_max": 30.780000686645508,
    "temp_min": 17.670000076293945,
    "temp_mitjana": 23.56999969482422
}