{
    "temp_max": 24.56999969482422,
    "temp_min": 13.819999694824219,
    "temp_mitjana": 19.049999237060547
}