{
    "temp_max": 22.1200008392334,
    "temp_min": 14.220000267028809,
    "temp_mitjana": 17.75
}