{
    "temp_max": 32.31999969482422,
    "temp_min": 23.329999923706055,
    "temp_mitjana": 27.520000457763672
}