{
    "temp_max": 21.06999969482422,
    "temp_min": 9.170000076293945,
    "temp_mitjana": 15.020000457763672
}