{
    "temp_max": 21.020000457763672,
    "temp_min": 3.4800000190734863,
    "temp_mitjana": 11.930000305175781
}