{
    "temp_max": 26.8700008392334,
    "temp_min": 14.619999885559082,
    "temp_mitjana": 20.15999984741211
}