{
    "temp_max": 17.229999542236328,
    "temp_min": 7.820000171661377,
    "temp_mitjana": 13.300000190734863
}