{
    "temp_max": 12.220000267028809,
    "temp_min": -0.3199999928474426,
    "temp_mitjana": 6.420000076293945
}