{
    "temp_max": 27.1200008392334,
    "temp_min": 17.56999969482422,
    "temp_mitjana": 22.290000915527344
}