{
    "temp_max": 30.68000030517578,
    "temp_min": 20.8700008392334,
    "temp_mitjana": 25.1200008392334
}