{
    "temp_max": 16.979999542236328,
    "temp_min": 5.929999828338623,
    "temp_mitjana": 10.720000267028809
}