{
    "temp_max": 33.97999954223633,
    "temp_min": 20.719999313354492,
    "temp_mitjana": 26.610000610351562
}