{
    "temp_max": 23.8700008392334,
    "temp_min": 13.119999885559082,
    "temp_mitjana": 18.34000015258789
}