{
    "temp_max": 28.1200008392334,
    "temp_min": 17.81999969482422,
    "temp_mitjana": 22.899999618530273
}