{
    "temp_max": 16.719999313354492,
    "temp_min": 2.2300000190734863,
    "temp_mitjana": 10.010000228881836
}