{
    "temp_max": 23.219999313354492,
    "temp_min": 10.069999694824219,
    "temp_mitjana": 15.630000114440918
}