{
    "temp_max": 16.329999923706055,
    "temp_min": 3.869999885559082,
    "temp_mitjana": 10.029999732971191
}