{
    "temp_max": 15.670000076293945,
    "temp_min": 7.570000171661377,
    "temp_mitjana": 12.079999923706055
}