{
    "temp_max": 34.43000030517578,
    "temp_min": 23.18000030517578,
    "temp_mitjana": 28.219999313354492
}