{
    "temp_max": 27.219999313354492,
    "temp_min": 16.06999969482422,
    "temp_mitjana": 21.860000610351562
}