{
    "temp_max": 29.18000030517578,
    "temp_min": 18.530000686645508,
    "temp_mitjana": 23.100000381469727
}