{
    "temp_max": 30.93000030517578,
    "temp_min": 19.3700008392334,
    "temp_mitjana": 26.190000534057617
}