{
    "temp_max": 19.56999969482422,
    "temp_min": 5.920000076293945,
    "temp_mitjana": 11.850000381469727
}