{
    "temp_max": 18.270000457763672,
    "temp_min": 2.880000114440918,
    "temp_mitjana": 12.329999923706055
}