{
    "temp_max": 19.6299991607666,
    "temp_min": 5.519999980926514,
    "temp_mitjana": 10.720000267028809
}