{
    "temp_max": 16.420000076293945,
    "temp_min": 8.029999732971191,
    "temp_mitjana": 13.15999984741211
}