{
    "temp_max": 31.979999542236328,
    "temp_min": 20.670000076293945,
    "temp_mitjana": 25.65999984741211
}