{
    "temp_max": 19.969999313354492,
    "temp_min": 4.920000076293945,
    "temp_mitjana": 11.079999923706055
}