{
    "temp_max": 21.56999969482422,
    "temp_min": 14.220000267028809,
    "temp_mitjana": 17.420000076293945
}