{
    "temp_max": 30.469999313354492,
    "temp_min": 18.920000076293945,
    "temp_mitjana": 24.229999542236328
}