{
    "temp_max": 36.31999969482422,
    "temp_min": 21.829999923706055,
    "temp_mitjana": 29.100000381469727
}