{
    "temp_max": 26.670000076293945,
    "temp_min": 13.720000267028809,
    "temp_mitjana": 20.229999542236328
}