{
    "temp_max": 32.880001068115234,
    "temp_min": 20.729999542236328,
    "temp_mitjana": 25.93000030517578
}