{
    "temp_max": 17.670000076293945,
    "temp_min": 0.3799999952316284,
    "temp_mitjana": 9.329999923706055
}