{
    "temp_max": 22.3799991607666,
    "temp_min": 12.319999694824219,
    "temp_mitjana": 16.450000762939453
}