{
    "temp_max": 17.219999313354492,
    "temp_min": 9.170000076293945,
    "temp_mitjana": 13.470000267028809
}