{
    "temp_max": 24.06999969482422,
    "temp_min": 13.619999885559082,
    "temp_mitjana": 19.440000534057617
}