{
    "temp_max": 31.530000686645508,
    "temp_min": 20.81999969482422,
    "temp_mitjana": 26.350000381469727
}