{
    "temp_max": 31.3700008392334,
    "temp_min": 19.1299991607666,
    "temp_mitjana": 26.020000457763672
}