{
    "temp_max": 24.43000030517578,
    "temp_min": 13.619999885559082,
    "temp_mitjana": 18.920000076293945
}