{
    "temp_max": 19.969999313354492,
    "temp_min": 6.519999980926514,
    "temp_mitjana": 11.579999923706055
}