{
    "temp_max": 23.81999969482422,
    "temp_min": 12.729999542236328,
    "temp_mitjana": 19.030000686645508
}