{
    "temp_max": 13.569999694824219,
    "temp_min": 4.980000019073486,
    "temp_mitjana": 8.550000190734863
}