{
    "temp_max": 32.369998931884766,
    "temp_min": 22.43000030517578,
    "temp_mitjana": 27.530000686645508
}