{
    "temp_max": 15.680000305175781,
    "temp_min": 6.96999979019165,
    "temp_mitjana": 10.699999809265137
}