{
    "temp_max": 36.31999969482422,
    "temp_min": 21.43000030517578,
    "temp_mitjana": 28.010000228881836
}