{
    "temp_max": 16.770000457763672,
    "temp_min": 4.230000019073486,
    "temp_mitjana": 10.649999618530273
}