{
    "temp_max": 28.969999313354492,
    "temp_min": 18.469999313354492,
    "temp_mitjana": 23.860000610351562
}