{
    "temp_max": 20.1200008392334,
    "temp_min": 6.329999923706055,
    "temp_mitjana": 14.779999732971191
}