{
    "temp_max": 14.619999885559082,
    "temp_min": 6.019999980926514,
    "temp_mitjana": 10.949999809265137
}