{
    "temp_max": 27.670000076293945,
    "temp_min": 16.219999313354492,
    "temp_mitjana": 22.290000915527344
}