{
    "temp_max": 23.1299991607666,
    "temp_min": 10.520000457763672,
    "temp_mitjana": 15.829999923706055
}