{
    "temp_max": 14.119999885559082,
    "temp_min": 3.9800000190734863,
    "temp_mitjana": 9.149999618530273
}