{
    "temp_max": 16.1299991607666,
    "temp_min": 8.130000114440918,
    "temp_mitjana": 12.170000076293945
}