{
    "temp_max": 30.969999313354492,
    "temp_min": 23.420000076293945,
    "temp_mitjana": 27.43000030517578
}