{
    "temp_max": 27.479999542236328,
    "temp_min": 17.469999313354492,
    "temp_mitjana": 22.170000076293945
}