{
    "temp_max": 35.380001068115234,
    "temp_min": 22.670000076293945,
    "temp_mitjana": 27.639999389648438
}