{
    "temp_max": 36.130001068115234,
    "temp_min": 22.06999969482422,
    "temp_mitjana": 28.06999969482422
}