{
    "temp_max": 29.6299991607666,
    "temp_min": 18.280000686645508,
    "temp_mitjana": 23.270000457763672
}