{
    "temp_max": 25.81999969482422,
    "temp_min": 14.369999885559082,
    "temp_mitjana": 18.489999771118164
}