{
    "temp_max": 15.319999694824219,
    "temp_min": 4.730000019073486,
    "temp_mitjana": 10.850000381469727
}