{
    "temp_max": 32.310001373291016,
    "temp_min": 21.219999313354492,
    "temp_mitjana": 26.309999465942383
}