{
    "temp_max": 35.630001068115234,
    "temp_min": 22.579999923706055,
    "temp_mitjana": 27.649999618530273
}