{
    "temp_max": 18.1200008392334,
    "temp_min": 5.429999828338623,
    "temp_mitjana": 11.970000267028809
}