{
    "temp_max": 30.770000457763672,
    "temp_min": 18.6200008392334,
    "temp_mitjana": 24.200000762939453
}