{
    "temp_max": 31.829999923706055,
    "temp_min": 23.030000686645508,
    "temp_mitjana": 27.3799991607666
}