{
    "temp_max": 30.8700008392334,
    "temp_min": 22.1299991607666,
    "temp_mitjana": 25.450000762939453
}