{
    "temp_max": 32.52000045776367,
    "temp_min": 20.6200008392334,
    "temp_mitjana": 25.299999237060547
}