{
    "temp_max": 22.43000030517578,
    "temp_min": 8.020000457763672,
    "temp_mitjana": 12.920000076293945
}