{
    "temp_max": 22.229999542236328,
    "temp_min": 6.46999979019165,
    "temp_mitjana": 13.050000190734863
}