{
    "temp_max": 19.93000030517578,
    "temp_min": 5.519999980926514,
    "temp_mitjana": 10.229999542236328
}