{
    "temp_max": 23.81999969482422,
    "temp_min": 11.180000305175781,
    "temp_mitjana": 19.229999542236328
}