{
    "temp_max": 34.31999969482422,
    "temp_min": 21.530000686645508,
    "temp_mitjana": 27.479999542236328
}