{
    "temp_max": 30.81999969482422,
    "temp_min": 19.530000686645508,
    "temp_mitjana": 25.43000030517578
}