{
    "temp_max": 27.479999542236328,
    "temp_min": 14.970000267028809,
    "temp_mitjana": 20.549999237060547
}