{
    "temp_max": 31.3700008392334,
    "temp_min": 19.729999542236328,
    "temp_mitjana": 25.049999237060547
}