{
    "temp_max": 20.020000457763672,
    "temp_min": 8.180000305175781,
    "temp_mitjana": 14.739999771118164
}