{
    "temp_max": 19.3799991607666,
    "temp_min": 5.929999828338623,
    "temp_mitjana": 12.279999732971191
}