{
    "temp_max": 30.43000030517578,
    "temp_min": 18.06999969482422,
    "temp_mitjana": 24.290000915527344
}