{
    "temp_max": 15.520000457763672,
    "temp_min": 4.28000020980835,
    "temp_mitjana": 10.670000076293945
}