{
    "temp_max": 21.079999923706055,
    "temp_min": 8.920000076293945,
    "temp_mitjana": 14.630000114440918
}