{
    "temp_max": 29.329999923706055,
    "temp_min": 14.670000076293945,
    "temp_mitjana": 20.440000534057617
}