{
    "temp_max": 16.030000686645508,
    "temp_min": 2.1700000762939453,
    "temp_mitjana": 7.389999866485596
}