{
    "temp_max": 19.8799991607666,
    "temp_min": 6.480000019073486,
    "temp_mitjana": 12.630000114440918
}