{
    "temp_max": 31.81999969482422,
    "temp_min": 23.1200008392334,
    "temp_mitjana": 27.59000015258789
}