{
    "temp_max": 22.93000030517578,
    "temp_min": 11.130000114440918,
    "temp_mitjana": 17.790000915527344
}