{
    "temp_max": 30.579999923706055,
    "temp_min": 18.420000076293945,
    "temp_mitjana": 24.450000762939453
}