{
    "temp_max": 27.030000686645508,
    "temp_min": 14.569999694824219,
    "temp_mitjana": 20.440000534057617
}