{
    "temp_max": 32.369998931884766,
    "temp_min": 22.469999313354492,
    "temp_mitjana": 26.520000457763672
}