{
    "temp_max": 27.06999969482422,
    "temp_min": 8.479999542236328,
    "temp_mitjana": 17.65999984741211
}