{
    "temp_max": 24.780000686645508,
    "temp_min": 10.520000457763672,
    "temp_mitjana": 16.90999984741211
}