{
    "temp_max": 20.3799991607666,
    "temp_min": 8.420000076293945,
    "temp_mitjana": 12.890000343322754
}