{
    "temp_max": 24.329999923706055,
    "temp_min": 15.029999732971191,
    "temp_mitjana": 19.649999618530273
}