{
    "temp_max": 21.06999969482422,
    "temp_min": 7.96999979019165,
    "temp_mitjana": 13.699999809265137
}