{
    "temp_max": 24.579999923706055,
    "temp_min": 6.369999885559082,
    "temp_mitjana": 12.920000076293945
}