{
    "temp_max": 15.619999885559082,
    "temp_min": 5.980000019073486,
    "temp_mitjana": 12.119999885559082
}