{
    "temp_max": 15.319999694824219,
    "temp_min": 4.679999828338623,
    "temp_mitjana": 10.039999961853027
}