{
    "temp_max": 19.170000076293945,
    "temp_min": 7.269999980926514,
    "temp_mitjana": 11.819999694824219
}