{
    "temp_max": 19.93000030517578,
    "temp_min": 4.829999923706055,
    "temp_mitjana": 10.029999732971191
}