{
    "temp_max": 13.779999732971191,
    "temp_min": 1.6299999952316284,
    "temp_mitjana": 9.489999771118164
}