{
    "temp_max": 26.270000457763672,
    "temp_min": 12.930000305175781,
    "temp_mitjana": 18.31999969482422
}