{
    "temp_max": 16.979999542236328,
    "temp_min": 5.880000114440918,
    "temp_mitjana": 9.989999771118164
}