{
    "temp_max": 23.920000076293945,
    "temp_min": 11.779999732971191,
    "temp_mitjana": 18.84000015258789
}