{
    "temp_max": 22.969999313354492,
    "temp_min": 11.819999694824219,
    "temp_mitjana": 17.809999465942383
}