{
    "temp_max": 15.630000114440918,
    "temp_min": 8.970000267028809,
    "temp_mitjana": 13.100000381469727
}