{
    "temp_max": 29.329999923706055,
    "temp_min": 18.219999313354492,
    "temp_mitjana": 24.020000457763672
}