{
    "temp_max": 19.329999923706055,
    "temp_min": 6.96999979019165,
    "temp_mitjana": 12.630000114440918
}