{
    "temp_max": 23.68000030517578,
    "temp_min": 10.220000267028809,
    "temp_mitjana": 17.020000457763672
}