{
    "temp_max": 14.670000076293945,
    "temp_min": 1.8799999952316284,
    "temp_mitjana": 10.25
}