{
    "temp_max": 29.969999313354492,
    "temp_min": 20.56999969482422,
    "temp_mitjana": 24.40999984741211
}