{
    "temp_max": 34.43000030517578,
    "temp_min": 22.729999542236328,
    "temp_mitjana": 28.010000228881836
}