{
    "temp_max": 18.93000030517578,
    "temp_min": 6.130000114440918,
    "temp_mitjana": 12.550000190734863
}