{
    "temp_max": 21.56999969482422,
    "temp_min": 8.720000267028809,
    "temp_mitjana": 13.600000381469727
}