{
    "temp_max": 31.280000686645508,
    "temp_min": 21.530000686645508,
    "temp_mitjana": 25.450000762939453
}