{
    "temp_max": 18.670000076293945,
    "temp_min": 7.619999885559082,
    "temp_mitjana": 12.180000305175781
}