{
    "temp_max": 30.770000457763672,
    "temp_min": 22.030000686645508,
    "temp_mitjana": 26.350000381469727
}