{
    "temp_max": 32.97999954223633,
    "temp_min": 17.719999313354492,
    "temp_mitjana": 23.350000381469727
}