{
    "temp_max": 35.91999816894531,
    "temp_min": 19.329999923706055,
    "temp_mitjana": 26.040000915527344
}