{
    "temp_max": 29.829999923706055,
    "temp_min": 18.6200008392334,
    "temp_mitjana": 23.989999771118164
}