{
    "temp_max": 19.68000030517578,
    "temp_min": 7.829999923706055,
    "temp_mitjana": 12.890000343322754
}