{
    "temp_max": 15.630000114440918,
    "temp_min": 5.869999885559082,
    "temp_mitjana": 10.579999923706055
}