{
    "temp_max": 24.579999923706055,
    "temp_min": 6.269999980926514,
    "temp_mitjana": 13.069999694824219
}