{
    "temp_max": 17.969999313354492,
    "temp_min": 5.980000019073486,
    "temp_mitjana": 11.670000076293945
}