{
    "temp_max": 34.41999816894531,
    "temp_min": 21.030000686645508,
    "temp_mitjana": 27.719999313354492
}