{
    "temp_max": 23.030000686645508,
    "temp_min": 10.170000076293945,
    "temp_mitjana": 15.920000076293945
}