{
    "temp_max": 23.770000457763672,
    "temp_min": 13.319999694824219,
    "temp_mitjana": 19.219999313354492
}