{
    "temp_max": 18.1200008392334,
    "temp_min": 2.819999933242798,
    "temp_mitjana": 10.09000015258789
}