{
    "temp_max": 19.280000686645508,
    "temp_min": 7.829999923706055,
    "temp_mitjana": 12.65999984741211
}