{
    "temp_max": 30.18000030517578,
    "temp_min": 19.3700008392334,
    "temp_mitjana": 24.75
}