{
    "temp_max": 33.31999969482422,
    "temp_min": 22.3700008392334,
    "temp_mitjana": 27.93000030517578
}