{
    "temp_max": 16.329999923706055,
    "temp_min": 4.380000114440918,
    "temp_mitjana": 10.09000015258789
}