{
    "temp_max": 16.729999542236328,
    "temp_min": 4.179999828338623,
    "temp_mitjana": 9.789999961853027
}