{
    "temp_max": 30.8799991607666,
    "temp_min": 19.729999542236328,
    "temp_mitjana": 24.860000610351562
}