{
    "temp_max": 16.43000030517578,
    "temp_min": 7.820000171661377,
    "temp_mitjana": 12.210000038146973
}