{
    "temp_max": 31.770000457763672,
    "temp_min": 21.93000030517578,
    "temp_mitjana": 27.290000915527344
}