{
    "temp_max": 25.530000686645508,
    "temp_min": 12.119999885559082,
    "temp_mitjana": 17.790000915527344
}