{
    "temp_max": 19.1299991607666,
    "temp_min": 4.570000171661377,
    "temp_mitjana": 10.319999694824219
}