{
    "temp_max": 35.83000183105469,
    "temp_min": 20.229999542236328,
    "temp_mitjana": 27.479999542236328
}