{
    "temp_max": 18.8700008392334,
    "temp_min": -0.4699999988079071,
    "temp_mitjana": 9.539999961853027
}