{
    "temp_max": 35.029998779296875,
    "temp_min": 21.969999313354492,
    "temp_mitjana": 27.579999923706055
}