{
    "temp_max": 23.8700008392334,
    "temp_min": 10.119999885559082,
    "temp_mitjana": 16.350000381469727
}