{
    "temp_max": 20.770000457763672,
    "temp_min": 7.929999828338623,
    "temp_mitjana": 15.09000015258789
}