{
    "temp_max": 24.229999542236328,
    "temp_min": 11.829999923706055,
    "temp_mitjana": 17.860000610351562
}