{
    "temp_max": 31.43000030517578,
    "temp_min": 21.6200008392334,
    "temp_mitjana": 26.68000030517578
}