{
    "temp_max": 22.6299991607666,
    "temp_min": 11.630000114440918,
    "temp_mitjana": 17.479999542236328
}