{
    "temp_max": 25.81999969482422,
    "temp_min": 12.930000305175781,
    "temp_mitjana": 18.229999542236328
}