{
    "temp_max": 34.779998779296875,
    "temp_min": 22.670000076293945,
    "temp_mitjana": 27.25
}