{
    "temp_max": 37.279998779296875,
    "temp_min": 20.420000076293945,
    "temp_mitjana": 26.389999389648438
}