{
    "temp_max": 24.229999542236328,
    "temp_min": 15.079999923706055,
    "temp_mitjana": 19.639999389648438
}