{
    "temp_max": 34.47999954223633,
    "temp_min": 21.829999923706055,
    "temp_mitjana": 27.56999969482422
}