{
    "temp_max": 35.68000030517578,
    "temp_min": 20.8799991607666,
    "temp_mitjana": 28.399999618530273
}