{
    "temp_max": 22.81999969482422,
    "temp_min": 10.430000305175781,
    "temp_mitjana": 17.209999084472656
}