{
    "temp_max": 20.8799991607666,
    "temp_min": 8.970000267028809,
    "temp_mitjana": 15.029999732971191
}