{
    "temp_max": 19.020000457763672,
    "temp_min": 8.229999542236328,
    "temp_mitjana": 12.989999771118164
}