{
    "temp_max": 15.729999542236328,
    "temp_min": 6.730000019073486,
    "temp_mitjana": 12.8100004196167
}