{
    "temp_max": 15.779999732971191,
    "temp_min": 3.930000066757202,
    "temp_mitjana": 8.979999542236328
}