{
    "temp_max": 15.619999885559082,
    "temp_min": 5.380000114440918,
    "temp_mitjana": 11.65999984741211
}