{
    "temp_max": 34.470001220703125,
    "temp_min": 21.030000686645508,
    "temp_mitjana": 27.65999984741211
}