{
    "temp_max": 18.8700008392334,
    "temp_min": 6.170000076293945,
    "temp_mitjana": 12.989999771118164
}