{
    "temp_max": 23.1200008392334,
    "temp_min": 10.630000114440918,
    "temp_mitjana": 16.649999618530273
}