{
    "temp_max": 35.02000045776367,
    "temp_min": 22.43000030517578,
    "temp_mitjana": 28.18000030517578
}