{
    "temp_max": 31.43000030517578,
    "temp_min": 17.81999969482422,
    "temp_mitjana": 24.360000610351562
}