{
    "temp_max": 32.529998779296875,
    "temp_min": 21.920000076293945,
    "temp_mitjana": 26.8799991607666
}