{
    "temp_max": 16.8700008392334,
    "temp_min": 5.03000020980835,
    "temp_mitjana": 9.460000038146973
}