{
    "temp_max": 19.3700008392334,
    "temp_min": 7.480000019073486,
    "temp_mitjana": 12.899999618530273
}