{
    "temp_max": 28.8700008392334,
    "temp_min": 17.729999542236328,
    "temp_mitjana": 24.450000762939453
}