{
    "temp_max": 34.43000030517578,
    "temp_min": 22.670000076293945,
    "temp_mitjana": 27.969999313354492
}