{
    "temp_max": 30.770000457763672,
    "temp_min": 22.280000686645508,
    "temp_mitjana": 25.549999237060547
}