{
    "temp_max": 28.729999542236328,
    "temp_min": 17.520000457763672,
    "temp_mitjana": 23.489999771118164
}