{
    "temp_max": 28.829999923706055,
    "temp_min": 12.279999732971191,
    "temp_mitjana": 19.18000030517578
}