{
    "temp_max": 32.529998779296875,
    "temp_min": 20.270000457763672,
    "temp_mitjana": 25.700000762939453
}