{
    "temp_max": 26.170000076293945,
    "temp_min": 13.529999732971191,
    "temp_mitjana": 19.989999771118164
}