{
    "temp_max": 29.479999542236328,
    "temp_min": 19.270000457763672,
    "temp_mitjana": 23.790000915527344
}