{
    "temp_max": 32.720001220703125,
    "temp_min": 22.3700008392334,
    "temp_mitjana": 26.299999237060547
}