{
    "temp_max": 19.170000076293945,
    "temp_min": 7.079999923706055,
    "temp_mitjana": 12.890000343322754
}