{
    "temp_max": 14.670000076293945,
    "temp_min": 6.46999979019165,
    "temp_mitjana": 10.069999694824219
}