{
    "temp_max": 29.93000030517578,
    "temp_min": 20.670000076293945,
    "temp_mitjana": 24.459999084472656
}