{
    "temp_max": 26.8700008392334,
    "temp_min": 13.770000457763672,
    "temp_mitjana": 20.200000762939453
}