{
    "temp_max": 33.72999954223633,
    "temp_min": 23.56999969482422,
    "temp_mitjana": 27.81999969482422
}