{
    "temp_max": 32.66999816894531,
    "temp_min": 21.8700008392334,
    "temp_mitjana": 26.43000030517578
}