{
    "temp_max": 33.619998931884766,
    "temp_min": 22.1299991607666,
    "temp_mitjana": 27.81999969482422
}