{
    "temp_max": 18.520000457763672,
    "temp_min": 7.619999885559082,
    "temp_mitjana": 12.180000305175781
}