{
    "temp_max": 13.119999885559082,
    "temp_min": -0.3700000047683716,
    "temp_mitjana": 6.960000038146973
}