{
    "temp_max": 23.469999313354492,
    "temp_min": 10.869999885559082,
    "temp_mitjana": 16.6200008392334
}