{
    "temp_max": 23.079999923706055,
    "temp_min": 10.819999694824219,
    "temp_mitjana": 16.479999542236328
}