{
    "temp_max": 16.270000457763672,
    "temp_min": 7.269999980926514,
    "temp_mitjana": 10.760000228881836
}