{
    "temp_max": 28.81999969482422,
    "temp_min": 18.079999923706055,
    "temp_mitjana": 22.709999084472656
}