{
    "temp_max": 31.020000457763672,
    "temp_min": 21.93000030517578,
    "temp_mitjana": 26.360000610351562
}