{
    "temp_max": 36.72999954223633,
    "temp_min": 20.43000030517578,
    "temp_mitjana": 26.940000534057617
}