{
    "temp_max": 28.729999542236328,
    "temp_min": 15.420000076293945,
    "temp_mitjana": 21.190000534057617
}