{
    "temp_max": 32.02000045776367,
    "temp_min": 18.670000076293945,
    "temp_mitjana": 24.709999084472656
}