{
    "temp_max": 18.06999969482422,
    "temp_min": 6.820000171661377,
    "temp_mitjana": 12.109999656677246
}