{
    "temp_max": 21.219999313354492,
    "temp_min": 5.329999923706055,
    "temp_mitjana": 14.09000015258789
}