{
    "temp_max": 16.020000457763672,
    "temp_min": 6.03000020980835,
    "temp_mitjana": 11.649999618530273
}