{
    "temp_max": 19.770000457763672,
    "temp_min": 2.930000066757202,
    "temp_mitjana": 12.890000343322754
}