{
    "temp_max": 14.420000076293945,
    "temp_min": 2.8299999237060547,
    "temp_mitjana": 9.010000228881836
}