{
    "temp_max": 23.780000686645508,
    "temp_min": 13.119999885559082,
    "temp_mitjana": 18.309999465942383
}