{
    "temp_max": 32.880001068115234,
    "temp_min": 21.56999969482422,
    "temp_mitjana": 26.90999984741211
}