{
    "temp_max": 30.420000076293945,
    "temp_min": 20.969999313354492,
    "temp_mitjana": 26.0
}