{
    "temp_max": 23.780000686645508,
    "temp_min": 8.819999694824219,
    "temp_mitjana": 15.34000015258789
}