{
    "temp_max": 35.08000183105469,
    "temp_min": 20.530000686645508,
    "temp_mitjana": 27.760000228881836
}