{
    "temp_max": 21.979999542236328,
    "temp_min": 10.569999694824219,
    "temp_mitjana": 16.389999389648438
}