{
    "temp_max": 21.8700008392334,
    "temp_min": 13.770000457763672,
    "temp_mitjana": 17.649999618530273
}