{
    "temp_max": 21.020000457763672,
    "temp_min": 2.5299999713897705,
    "temp_mitjana": 12.069999694824219
}