{
    "temp_max": 18.270000457763672,
    "temp_min": 6.019999980926514,
    "temp_mitjana": 11.420000076293945
}