{
    "temp_max": 21.020000457763672,
    "temp_min": 4.429999828338623,
    "temp_mitjana": 13.529999732971191
}