{
    "temp_max": 14.470000267028809,
    "temp_min": 2.1700000762939453,
    "temp_mitjana": 7.0
}