{
    "temp_max": 28.170000076293945,
    "temp_min": 16.219999313354492,
    "temp_mitjana": 22.18000030517578
}