{
    "temp_max": 30.969999313354492,
    "temp_min": 19.1200008392334,
    "temp_mitjana": 23.799999237060547
}