{
    "temp_max": 33.970001220703125,
    "temp_min": 22.530000686645508,
    "temp_mitjana": 28.170000076293945
}