{
    "temp_max": 31.6299991607666,
    "temp_min": 20.530000686645508,
    "temp_mitjana": 25.440000534057617
}