{
    "temp_max": 17.31999969482422,
    "temp_min": 8.020000457763672,
    "temp_mitjana": 11.880000114440918
}