{
    "temp_max": 18.270000457763672,
    "temp_min": 5.980000019073486,
    "temp_mitjana": 11.170000076293945
}