{
    "temp_max": 22.920000076293945,
    "temp_min": 11.819999694824219,
    "temp_mitjana": 17.809999465942383
}