{
    "temp_max": 20.780000686645508,
    "temp_min": 6.519999980926514,
    "temp_mitjana": 13.550000190734863
}