{
    "temp_max": 33.47999954223633,
    "temp_min": 20.56999969482422,
    "temp_mitjana": 26.170000076293945
}