{
    "temp_max": 34.72999954223633,
    "temp_min": 20.270000457763672,
    "temp_mitjana": 26.690000534057617
}