{
    "temp_max": 26.670000076293945,
    "temp_min": 12.229999542236328,
    "temp_mitjana": 20.25
}