{
    "temp_max": 32.68000030517578,
    "temp_min": 20.780000686645508,
    "temp_mitjana": 25.139999389648438
}