{
    "temp_max": 31.020000457763672,
    "temp_min": 19.93000030517578,
    "temp_mitjana": 25.459999084472656
}