{
    "temp_max": 37.029998779296875,
    "temp_min": 20.969999313354492,
    "temp_mitjana": 27.110000610351562
}