{
    "temp_max": 30.219999313354492,
    "temp_min": 18.770000457763672,
    "temp_mitjana": 24.31999969482422
}