{
    "temp_max": 36.529998779296875,
    "temp_min": 20.770000457763672,
    "temp_mitjana": 26.579999923706055
}