{
    "temp_max": 30.329999923706055,
    "temp_min": 20.780000686645508,
    "temp_mitjana": 25.059999465942383
}