{
    "temp_max": 34.58000183105469,
    "temp_min": 20.770000457763672,
    "temp_mitjana": 26.829999923706055
}