{
    "temp_max": 21.1299991607666,
    "temp_min": 5.980000019073486,
    "temp_mitjana": 12.8100004196167
}