{
    "temp_max": 31.229999542236328,
    "temp_min": 20.969999313354492,
    "temp_mitjana": 25.110000610351562
}