{
    "temp_max": 16.520000457763672,
    "temp_min": 6.329999923706055,
    "temp_mitjana": 12.020000457763672
}