{
    "temp_max": 22.030000686645508,
    "temp_min": 9.119999885559082,
    "temp_mitjana": 15.069999694824219
}