{
    "temp_max": 18.530000686645508,
    "temp_min": 6.429999828338623,
    "temp_mitjana": 12.34000015258789
}