{
    "temp_max": 23.479999542236328,
    "temp_min": 10.520000457763672,
    "temp_mitjana": 15.640000343322754
}