{
    "temp_max": 13.619999885559082,
    "temp_min": 2.5299999713897705,
    "temp_mitjana": 9.579999923706055
}