{
    "temp_max": 27.6200008392334,
    "temp_min": 15.119999885559082,
    "temp_mitjana": 19.829999923706055
}