{
    "temp_max": 20.8700008392334,
    "temp_min": 8.770000457763672,
    "temp_mitjana": 15.020000457763672
}