{
    "temp_max": 18.920000076293945,
    "temp_min": 6.78000020980835,
    "temp_mitjana": 12.9399995803833
}