{
    "temp_max": 36.66999816894531,
    "temp_min": 22.31999969482422,
    "temp_mitjana": 28.299999237060547
}