{
    "temp_max": 23.3700008392334,
    "temp_min": 13.270000457763672,
    "temp_mitjana": 18.81999969482422
}