{
    "temp_max": 19.520000457763672,
    "temp_min": 2.5299999713897705,
    "temp_mitjana": 12.720000267028809
}