{
    "temp_max": 13.479999542236328,
    "temp_min": 4.130000114440918,
    "temp_mitjana": 10.449999809265137
}