{
    "temp_max": 28.31999969482422,
    "temp_min": 17.969999313354492,
    "temp_mitjana": 22.950000762939453
}