{
    "temp_max": 31.93000030517578,
    "temp_min": 20.31999969482422,
    "temp_mitjana": 25.350000381469727
}