{
    "temp_max": 34.72999954223633,
    "temp_min": 20.8700008392334,
    "temp_mitjana": 26.770000457763672
}