{
    "temp_max": 17.520000457763672,
    "temp_min": 3.7200000286102295,
    "temp_mitjana": 9.989999771118164
}