{
    "temp_max": 17.6299991607666,
    "temp_min": 8.369999885559082,
    "temp_mitjana": 12.989999771118164
}