{
    "temp_max": 23.920000076293945,
    "temp_min": 10.029999732971191,
    "temp_mitjana": 17.079999923706055
}