{
    "temp_max": 36.33000183105469,
    "temp_min": 20.969999313354492,
    "temp_mitjana": 26.809999465942383
}