{
    "temp_max": 17.56999969482422,
    "temp_min": 7.119999885559082,
    "temp_mitjana": 11.4399995803833
}