{
    "temp_max": 31.469999313354492,
    "temp_min": 21.3799991607666,
    "temp_mitjana": 27.34000015258789
}