{
    "temp_max": 16.1299991607666,
    "temp_min": 7.769999980926514,
    "temp_mitjana": 12.149999618530273
}