{
    "temp_max": 20.979999542236328,
    "temp_min": 14.220000267028809,
    "temp_mitjana": 17.350000381469727
}