{
    "temp_max": 33.47999954223633,
    "temp_min": 20.420000076293945,
    "temp_mitjana": 25.979999542236328
}