{
    "temp_max": 30.969999313354492,
    "temp_min": 20.030000686645508,
    "temp_mitjana": 25.809999465942383
}