{
    "temp_max": 33.369998931884766,
    "temp_min": 23.18000030517578,
    "temp_mitjana": 28.040000915527344
}