{
    "temp_max": 36.619998931884766,
    "temp_min": 23.3799991607666,
    "temp_mitjana": 28.040000915527344
}