{
    "temp_max": 29.729999542236328,
    "temp_min": 18.270000457763672,
    "temp_mitjana": 23.059999465942383
}