{
    "temp_max": 18.270000457763672,
    "temp_min": 5.820000171661377,
    "temp_mitjana": 11.220000267028809
}