{
    "temp_max": 29.229999542236328,
    "temp_min": 17.920000076293945,
    "temp_mitjana": 23.59000015258789
}