{
    "temp_max": 19.170000076293945,
    "temp_min": 6.480000019073486,
    "temp_mitjana": 13.069999694824219
}