{
    "temp_max": 24.06999969482422,
    "temp_min": 13.829999923706055,
    "temp_mitjana": 19.469999313354492
}