{
    "temp_max": 29.3799991607666,
    "temp_min": 19.219999313354492,
    "temp_mitjana": 23.81999969482422
}