{
    "temp_max": 23.1200008392334,
    "temp_min": 11.720000267028809,
    "temp_mitjana": 16.670000076293945
}