{
    "temp_max": 36.779998779296875,
    "temp_min": 21.06999969482422,
    "temp_mitjana": 27.299999237060547
}