{
    "temp_max": 25.670000076293945,
    "temp_min": 16.270000457763672,
    "temp_mitjana": 20.829999923706055
}