{
    "temp_max": 20.420000076293945,
    "temp_min": 7.420000076293945,
    "temp_mitjana": 13.479999542236328
}