{
    "temp_max": 30.8700008392334,
    "temp_min": 18.93000030517578,
    "temp_mitjana": 25.270000457763672
}