{
    "temp_max": 20.1200008392334,
    "temp_min": 2.440000057220459,
    "temp_mitjana": 12.890000343322754
}