{
    "temp_max": 14.380000114440918,
    "temp_min": 5.46999979019165,
    "temp_mitjana": 9.34000015258789
}