{
    "temp_max": 31.1299991607666,
    "temp_min": 18.8700008392334,
    "temp_mitjana": 24.3799991607666
}