{
    "temp_max": 21.8799991607666,
    "temp_min": 14.380000114440918,
    "temp_mitjana": 17.440000534057617
}