{
    "temp_max": 18.56999969482422,
    "temp_min": 1.7799999713897705,
    "temp_mitjana": 10.079999923706055
}