{
    "temp_max": 36.77000045776367,
    "temp_min": 21.93000030517578,
    "temp_mitjana": 28.360000610351562
}