{
    "temp_max": 34.27000045776367,
    "temp_min": 22.43000030517578,
    "temp_mitjana": 27.479999542236328
}