{
    "temp_max": 25.93000030517578,
    "temp_min": 13.069999694824219,
    "temp_mitjana": 19.3700008392334
}