{
    "temp_max": 32.18000030517578,
    "temp_min": 20.920000076293945,
    "temp_mitjana": 25.6200008392334
}