{
    "temp_max": 31.1200008392334,
    "temp_min": 20.579999923706055,
    "temp_mitjana": 26.299999237060547
}