{
    "temp_max": 22.8799991607666,
    "temp_min": 10.569999694824219,
    "temp_mitjana": 16.68000030517578
}