{
    "temp_max": 30.030000686645508,
    "temp_min": 18.969999313354492,
    "temp_mitjana": 23.450000762939453
}