{
    "temp_max": 23.020000457763672,
    "temp_min": 8.880000114440918,
    "temp_mitjana": 15.859999656677246
}