{
    "temp_max": 17.8700008392334,
    "temp_min": 5.380000114440918,
    "temp_mitjana": 12.029999732971191
}