{
    "temp_max": 35.18000030517578,
    "temp_min": 21.969999313354492,
    "temp_mitjana": 27.860000610351562
}