{
    "temp_max": 35.72999954223633,
    "temp_min": 21.06999969482422,
    "temp_mitjana": 26.6200008392334
}