{
    "temp_max": 30.780000686645508,
    "temp_min": 17.469999313354492,
    "temp_mitjana": 24.309999465942383
}