{
    "temp_max": 25.770000457763672,
    "temp_min": 15.170000076293945,
    "temp_mitjana": 20.209999084472656
}