{
    "temp_max": 23.920000076293945,
    "temp_min": 9.779999732971191,
    "temp_mitjana": 16.790000915527344
}