{
    "temp_max": 19.06999969482422,
    "temp_min": 6.630000114440918,
    "temp_mitjana": 14.40999984741211
}