{
    "temp_max": 29.06999969482422,
    "temp_min": 19.18000030517578,
    "temp_mitjana": 23.719999313354492
}