{
    "temp_max": 27.219999313354492,
    "temp_min": 15.770000457763672,
    "temp_mitjana": 21.729999542236328
}