{
    "temp_max": 21.219999313354492,
    "temp_min": 12.880000114440918,
    "temp_mitjana": 17.6200008392334
}