{
    "temp_max": 15.819999694824219,
    "temp_min": 7.389999866485596,
    "temp_mitjana": 11.90999984741211
}