{
    "temp_max": 23.520000457763672,
    "temp_min": 7.829999923706055,
    "temp_mitjana": 16.219999313354492
}