{
    "temp_max": 14.170000076293945,
    "temp_min": 6.480000019073486,
    "temp_mitjana": 10.930000305175781
}