{
    "temp_max": 33.529998779296875,
    "temp_min": 22.719999313354492,
    "temp_mitjana": 28.010000228881836
}