{
    "temp_max": 17.170000076293945,
    "temp_min": 6.96999979019165,
    "temp_mitjana": 12.289999961853027
}