{
    "temp_max": 21.829999923706055,
    "temp_min": 13.069999694824219,
    "temp_mitjana": 17.219999313354492
}