{
    "temp_max": 29.43000030517578,
    "temp_min": 18.979999542236328,
    "temp_mitjana": 24.469999313354492
}