{
    "temp_max": 16.170000076293945,
    "temp_min": 5.980000019073486,
    "temp_mitjana": 11.949999809265137
}