{
    "temp_max": 33.16999816894531,
    "temp_min": 22.920000076293945,
    "temp_mitjana": 27.06999969482422
}