{
    "temp_max": 30.520000457763672,
    "temp_min": 19.3799991607666,
    "temp_mitjana": 24.459999084472656
}