{
    "temp_max": 20.229999542236328,
    "temp_min": 8.920000076293945,
    "temp_mitjana": 14.25
}