{
    "temp_max": 29.329999923706055,
    "temp_min": 13.119999885559082,
    "temp_mitjana": 19.760000228881836
}