{
    "temp_max": 15.720000267028809,
    "temp_min": 6.28000020980835,
    "temp_mitjana": 11.319999694824219
}