{
    "temp_max": 19.969999313354492,
    "temp_min": 7.53000020980835,
    "temp_mitjana": 13.270000457763672
}