{
    "temp_max": 14.720000267028809,
    "temp_min": 2.7300000190734863,
    "temp_mitjana": 10.449999809265137
}