{
    "temp_max": 23.6299991607666,
    "temp_min": 13.220000267028809,
    "temp_mitjana": 18.6299991607666
}