{
    "temp_max": 25.979999542236328,
    "temp_min": 13.569999694824219,
    "temp_mitjana": 18.93000030517578
}