{
    "temp_max": 30.420000076293945,
    "temp_min": 20.520000457763672,
    "temp_mitjana": 25.200000762939453
}