{
    "temp_max": 21.06999969482422,
    "temp_min": 6.679999828338623,
    "temp_mitjana": 15.029999732971191
}