{
    "temp_max": 20.479999542236328,
    "temp_min": 3.130000114440918,
    "temp_mitjana": 12.539999961853027
}