{
    "temp_max": 33.369998931884766,
    "temp_min": 22.1299991607666,
    "temp_mitjana": 26.959999084472656
}