{
    "temp_max": 32.220001220703125,
    "temp_min": 22.1299991607666,
    "temp_mitjana": 27.030000686645508
}