{
    "temp_max": 14.819999694824219,
    "temp_min": 3.7799999713897705,
    "temp_mitjana": 10.210000038146973
}