{
    "temp_max": 24.1200008392334,
    "temp_min": 6.929999828338623,
    "temp_mitjana": 15.449999809265137
}