{
    "temp_max": 29.06999969482422,
    "temp_min": 19.280000686645508,
    "temp_mitjana": 24.229999542236328
}