{
    "temp_max": 32.869998931884766,
    "temp_min": 21.780000686645508,
    "temp_mitjana": 27.049999237060547
}