{
    "temp_max": 23.020000457763672,
    "temp_min": 13.770000457763672,
    "temp_mitjana": 18.510000228881836
}