{
    "temp_max": 23.8700008392334,
    "temp_min": 9.479999542236328,
    "temp_mitjana": 16.860000610351562
}