{
    "temp_max": 26.770000457763672,
    "temp_min": 17.56999969482422,
    "temp_mitjana": 22.25
}