{
    "temp_max": 18.3700008392334,
    "temp_min": 8.220000267028809,
    "temp_mitjana": 12.680000305175781
}