{
    "temp_max": 28.3799991607666,
    "temp_min": 15.770000457763672,
    "temp_mitjana": 21.690000534057617
}