{
    "temp_max": 25.829999923706055,
    "temp_min": 13.630000114440918,
    "temp_mitjana": 19.760000228881836
}