{
    "temp_max": 12.920000076293945,
    "temp_min": 4.980000019073486,
    "temp_mitjana": 8.600000381469727
}