{
    "temp_max": 30.6299991607666,
    "temp_min": 13.819999694824219,
    "temp_mitjana": 21.260000228881836
}