{
    "temp_max": 37.029998779296875,
    "temp_min": 21.1299991607666,
    "temp_mitjana": 27.100000381469727
}