{
    "temp_max": 34.33000183105469,
    "temp_min": 19.81999969482422,
    "temp_mitjana": 25.65999984741211
}