{
    "temp_max": 35.41999816894531,
    "temp_min": 22.1299991607666,
    "temp_mitjana": 27.68000030517578
}