{
    "temp_max": 23.1200008392334,
    "temp_min": 12.529999732971191,
    "temp_mitjana": 18.56999969482422
}