{
    "temp_max": 18.6200008392334,
    "temp_min": 6.769999980926514,
    "temp_mitjana": 12.020000457763672
}