{
    "temp_max": 24.6200008392334,
    "temp_min": 13.470000267028809,
    "temp_mitjana": 18.860000610351562
}