{
    "temp_max": 32.66999816894531,
    "temp_min": 23.469999313354492,
    "temp_mitjana": 27.780000686645508
}