{
    "temp_max": 30.68000030517578,
    "temp_min": 18.93000030517578,
    "temp_mitjana": 24.739999771118164
}