{
    "temp_max": 19.719999313354492,
    "temp_min": 8.369999885559082,
    "temp_mitjana": 14.300000190734863
}