{
    "temp_max": 29.6200008392334,
    "temp_min": 20.170000076293945,
    "temp_mitjana": 24.15999984741211
}