{
    "temp_max": 19.969999313354492,
    "temp_min": 6.03000020980835,
    "temp_mitjana": 11.649999618530273
}