{
    "temp_max": 23.81999969482422,
    "temp_min": 7.480000019073486,
    "temp_mitjana": 15.75
}