{
    "temp_max": 26.219999313354492,
    "temp_min": 17.280000686645508,
    "temp_mitjana": 21.959999084472656
}