{
    "temp_max": 23.829999923706055,
    "temp_min": 9.369999885559082,
    "temp_mitjana": 16.489999771118164
}