{
    "temp_max": 29.1299991607666,
    "temp_min": 17.479999542236328,
    "temp_mitjana": 23.860000610351562
}