{
    "temp_max": 16.3799991607666,
    "temp_min": 8.369999885559082,
    "temp_mitjana": 12.729999542236328
}