{
    "temp_max": 31.729999542236328,
    "temp_min": 20.3700008392334,
    "temp_mitjana": 25.09000015258789
}