{
    "temp_max": 36.56999969482422,
    "temp_min": 19.979999542236328,
    "temp_mitjana": 27.450000762939453
}