{
    "temp_max": 20.670000076293945,
    "temp_min": 7.230000019073486,
    "temp_mitjana": 14.789999961853027
}