{
    "temp_max": 29.6299991607666,
    "temp_min": 19.520000457763672,
    "temp_mitjana": 24.260000228881836
}