{
    "temp_max": 34.91999816894531,
    "temp_min": 20.829999923706055,
    "temp_mitjana": 27.360000610351562
}