{
    "temp_max": 24.579999923706055,
    "temp_min": 14.970000267028809,
    "temp_mitjana": 19.049999237060547
}