{
    "temp_max": 15.729999542236328,
    "temp_min": 0.12999999523162842,
    "temp_mitjana": 7.039999961853027
}