{
    "temp_max": 30.469999313354492,
    "temp_min": 19.280000686645508,
    "temp_mitjana": 24.149999618530273
}