{
    "temp_max": 26.530000686645508,
    "temp_min": 16.8799991607666,
    "temp_mitjana": 22.09000015258789
}