{
    "temp_max": 30.780000686645508,
    "temp_min": 17.969999313354492,
    "temp_mitjana": 24.299999237060547
}