{
    "temp_max": 18.6200008392334,
    "temp_min": 2.319999933242798,
    "temp_mitjana": 10.359999656677246
}