{
    "temp_max": 23.06999969482422,
    "temp_min": 10.979999542236328,
    "temp_mitjana": 17.0
}