{
    "temp_max": 21.1299991607666,
    "temp_min": 5.53000020980835,
    "temp_mitjana": 12.539999961853027
}