{
    "temp_max": 26.81999969482422,
    "temp_min": 16.780000686645508,
    "temp_mitjana": 21.8700008392334
}