{
    "temp_max": 27.770000457763672,
    "temp_min": 18.469999313354492,
    "temp_mitjana": 22.950000762939453
}