{
    "temp_max": 15.270000457763672,
    "temp_min": 7.119999885559082,
    "temp_mitjana": 10.760000228881836
}