{
    "temp_max": 36.119998931884766,
    "temp_min": 19.93000030517578,
    "temp_mitjana": 26.309999465942383
}