{
    "temp_max": 23.829999923706055,
    "temp_min": 12.720000267028809,
    "temp_mitjana": 18.100000381469727
}