{
    "temp_max": 16.1200008392334,
    "temp_min": 4.28000020980835,
    "temp_mitjana": 10.09000015258789
}