{
    "temp_max": 22.280000686645508,
    "temp_min": 13.369999885559082,
    "temp_mitjana": 16.8700008392334
}