{
    "temp_max": 24.219999313354492,
    "temp_min": 12.270000457763672,
    "temp_mitjana": 17.479999542236328
}