{
    "temp_max": 32.58000183105469,
    "temp_min": 21.719999313354492,
    "temp_mitjana": 26.84000015258789
}