{
    "temp_max": 17.81999969482422,
    "temp_min": 7.769999980926514,
    "temp_mitjana": 12.119999885559082
}