{
    "temp_max": 20.969999313354492,
    "temp_min": 3.930000066757202,
    "temp_mitjana": 12.0
}