{
    "temp_max": 16.520000457763672,
    "temp_min": 3.819999933242798,
    "temp_mitjana": 9.380000114440918
}