{
    "temp_max": 34.41999816894531,
    "temp_min": 22.420000076293945,
    "temp_mitjana": 27.1200008392334
}