{
    "temp_max": 14.470000267028809,
    "temp_min": 1.6799999475479126,
    "temp_mitjana": 8.550000190734863
}