{
    "temp_max": 28.520000457763672,
    "temp_min": 18.81999969482422,
    "temp_mitjana": 23.110000610351562
}