{
    "temp_max": 30.530000686645508,
    "temp_min": 20.920000076293945,
    "temp_mitjana": 25.040000915527344
}