{
    "temp_max": 20.43000030517578,
    "temp_min": 6.570000171661377,
    "temp_mitjana": 13.710000038146973
}