{
    "temp_max": 16.93000030517578,
    "temp_min": 6.230000019073486,
    "temp_mitjana": 12.289999961853027
}