{
    "temp_max": 32.52000045776367,
    "temp_min": 21.8700008392334,
    "temp_mitjana": 26.700000762939453
}