{
    "temp_max": 35.58000183105469,
    "temp_min": 22.770000457763672,
    "temp_mitjana": 28.34000015258789
}