{
    "temp_max": 27.979999542236328,
    "temp_min": 18.6299991607666,
    "temp_mitjana": 22.950000762939453
}