{
    "temp_max": 32.91999816894531,
    "temp_min": 21.8700008392334,
    "temp_mitjana": 26.729999542236328
}