{
    "temp_max": 33.22999954223633,
    "temp_min": 19.420000076293945,
    "temp_mitjana": 25.959999084472656
}