{
    "temp_max": 29.920000076293945,
    "temp_min": 17.479999542236328,
    "temp_mitjana": 23.969999313354492
}