{
    "temp_max": 26.729999542236328,
    "temp_min": 10.720000267028809,
    "temp_mitjana": 17.209999084472656
}