{
    "temp_max": 19.020000457763672,
    "temp_min": 7.519999980926514,
    "temp_mitjana": 13.569999694824219
}