{
    "temp_max": 30.469999313354492,
    "temp_min": 19.3799991607666,
    "temp_mitjana": 24.6299991607666
}