{
    "temp_max": 33.619998931884766,
    "temp_min": 22.329999923706055,
    "temp_mitjana": 27.329999923706055
}