{
    "temp_max": 32.720001220703125,
    "temp_min": 21.520000457763672,
    "temp_mitjana": 26.829999923706055
}