{
    "temp_max": 26.729999542236328,
    "temp_min": 16.729999542236328,
    "temp_mitjana": 21.739999771118164
}