{
    "temp_max": 30.8700008392334,
    "temp_min": 20.579999923706055,
    "temp_mitjana": 26.3700008392334
}