{
    "temp_max": 34.72999954223633,
    "temp_min": 21.729999542236328,
    "temp_mitjana": 27.510000228881836
}