{
    "temp_max": 23.780000686645508,
    "temp_min": 9.020000457763672,
    "temp_mitjana": 15.359999656677246
}