{
    "temp_max": 19.420000076293945,
    "temp_min": 6.519999980926514,
    "temp_mitjana": 11.479999542236328
}