{
    "temp_max": 30.56999969482422,
    "temp_min": 20.6299991607666,
    "temp_mitjana": 25.290000915527344
}