{
    "temp_max": 24.020000457763672,
    "temp_min": 12.619999885559082,
    "temp_mitjana": 16.829999923706055
}