{
    "temp_max": 19.93000030517578,
    "temp_min": 5.269999980926514,
    "temp_mitjana": 10.479999542236328
}