{
    "temp_max": 21.229999542236328,
    "temp_min": 8.170000076293945,
    "temp_mitjana": 13.899999618530273
}