{
    "temp_max": 15.220000267028809,
    "temp_min": 4.320000171661377,
    "temp_mitjana": 9.760000228881836
}