{
    "temp_max": 25.56999969482422,
    "temp_min": 13.770000457763672,
    "temp_mitjana": 19.889999389648438
}