{
    "temp_max": 25.670000076293945,
    "temp_min": 12.970000267028809,
    "temp_mitjana": 18.520000457763672
}