{
    "temp_max": 23.56999969482422,
    "temp_min": 12.329999923706055,
    "temp_mitjana": 17.420000076293945
}