{
    "temp_max": 12.029999732971191,
    "temp_min": 0.029999999329447746,
    "temp_mitjana": 6.300000190734863
}