{
    "temp_max": 18.3799991607666,
    "temp_min": 5.380000114440918,
    "temp_mitjana": 12.319999694824219
}