{
    "temp_max": 35.869998931884766,
    "temp_min": 19.93000030517578,
    "temp_mitjana": 26.280000686645508
}