{
    "temp_max": 26.8700008392334,
    "temp_min": 12.729999542236328,
    "temp_mitjana": 19.81999969482422
}