{
    "temp_max": 19.170000076293945,
    "temp_min": 5.28000020980835,
    "temp_mitjana": 12.819999694824219
}