{
    "temp_max": 24.270000457763672,
    "temp_min": 7.480000019073486,
    "temp_mitjana": 15.770000457763672
}