{
    "temp_max": 29.329999923706055,
    "temp_min": 17.969999313354492,
    "temp_mitjana": 22.780000686645508
}