{
    "temp_max": 29.280000686645508,
    "temp_min": 17.329999923706055,
    "temp_mitjana": 22.75
}