{
    "temp_max": 33.77000045776367,
    "temp_min": 20.6299991607666,
    "temp_mitjana": 26.889999389648438
}