{
    "temp_max": 24.520000457763672,
    "temp_min": 13.369999885559082,
    "temp_mitjana": 19.450000762939453
}