{
    "temp_max": 17.079999923706055,
    "temp_min": 7.769999980926514,
    "temp_mitjana": 12.229999542236328
}