{
    "temp_max": 34.72999954223633,
    "temp_min": 17.8700008392334,
    "temp_mitjana": 23.979999542236328
}