{
    "temp_max": 16.920000076293945,
    "temp_min": 3.619999885559082,
    "temp_mitjana": 8.989999771118164
}