{
    "temp_max": 18.280000686645508,
    "temp_min": 7.670000076293945,
    "temp_mitjana": 12.600000381469727
}