{
    "temp_max": 15.569999694824219,
    "temp_min": 6.079999923706055,
    "temp_mitjana": 10.510000228881836
}