{
    "temp_max": 18.469999313354492,
    "temp_min": 0.3799999952316284,
    "temp_mitjana": 9.210000038146973
}