{
    "temp_max": 26.829999923706055,
    "temp_min": 10.170000076293945,
    "temp_mitjana": 16.610000610351562
}