{
    "temp_max": 30.469999313354492,
    "temp_min": 17.56999969482422,
    "temp_mitjana": 24.139999389648438
}