{
    "temp_max": 26.81999969482422,
    "temp_min": 16.969999313354492,
    "temp_mitjana": 22.059999465942383
}