{
    "temp_max": 22.420000076293945,
    "temp_min": 11.819999694824219,
    "temp_mitjana": 17.739999771118164
}