{
    "temp_max": 15.670000076293945,
    "temp_min": 5.96999979019165,
    "temp_mitjana": 10.300000190734863
}