{
    "temp_max": 28.219999313354492,
    "temp_min": 17.420000076293945,
    "temp_mitjana": 22.360000610351562
}