{
    "temp_max": 31.229999542236328,
    "temp_min": 19.81999969482422,
    "temp_mitjana": 25.1200008392334
}