{
    "temp_max": 26.079999923706055,
    "temp_min": 13.720000267028809,
    "temp_mitjana": 19.139999389648438
}