{
    "temp_max": 34.779998779296875,
    "temp_min": 22.6200008392334,
    "temp_mitjana": 27.229999542236328
}