{
    "temp_max": 21.829999923706055,
    "temp_min": 13.270000457763672,
    "temp_mitjana": 17.170000076293945
}