{
    "temp_max": 30.6299991607666,
    "temp_min": 13.670000076293945,
    "temp_mitjana": 21.350000381469727
}