{
    "temp_max": 19.1200008392334,
    "temp_min": 7.820000171661377,
    "temp_mitjana": 12.3100004196167
}