{
    "temp_max": 29.93000030517578,
    "temp_min": 20.270000457763672,
    "temp_mitjana": 24.329999923706055
}