{
    "temp_max": 19.1299991607666,
    "temp_min": 3.819999933242798,
    "temp_mitjana": 10.029999732971191
}