{
    "temp_max": 24.670000076293945,
    "temp_min": 14.529999732971191,
    "temp_mitjana": 19.260000228881836
}