{
    "temp_max": 18.6200008392334,
    "temp_min": 6.53000020980835,
    "temp_mitjana": 12.479999542236328
}