{
    "temp_max": 28.530000686645508,
    "temp_min": 13.619999885559082,
    "temp_mitjana": 19.5
}