{
    "temp_max": 22.979999542236328,
    "temp_min": 5.769999980926514,
    "temp_mitjana": 13.100000381469727
}