{
    "temp_max": 24.6200008392334,
    "temp_min": 13.579999923706055,
    "temp_mitjana": 18.989999771118164
}