{
    "temp_max": 35.31999969482422,
    "temp_min": 22.479999542236328,
    "temp_mitjana": 28.09000015258789
}