{
    "temp_max": 31.43000030517578,
    "temp_min": 20.270000457763672,
    "temp_mitjana": 25.799999237060547
}