{
    "temp_max": 26.81999969482422,
    "temp_min": 13.079999923706055,
    "temp_mitjana": 21.09000015258789
}