{
    "temp_max": 23.81999969482422,
    "temp_min": 14.069999694824219,
    "temp_mitjana": 19.280000686645508
}