{
    "temp_max": 18.1299991607666,
    "temp_min": 3.369999885559082,
    "temp_mitjana": 9.949999809265137
}