{
    "temp_max": 18.1200008392334,
    "temp_min": 6.329999923706055,
    "temp_mitjana": 12.130000114440918
}