{
    "temp_max": 15.970000267028809,
    "temp_min": 5.679999828338623,
    "temp_mitjana": 11.960000038146973
}