{
    "temp_max": 21.81999969482422,
    "temp_min": 13.819999694824219,
    "temp_mitjana": 17.8700008392334
}