{
    "temp_max": 12.470000267028809,
    "temp_min": -0.11999999731779099,
    "temp_mitjana": 7.130000114440918
}