{
    "temp_max": 23.719999313354492,
    "temp_min": 7.079999923706055,
    "temp_mitjana": 15.649999618530273
}