{
    "temp_max": 15.829999923706055,
    "temp_min": 6.46999979019165,
    "temp_mitjana": 10.229999542236328
}