{
    "temp_max": 34.470001220703125,
    "temp_min": 22.219999313354492,
    "temp_mitjana": 27.260000228881836
}