{
    "temp_max": 33.18000030517578,
    "temp_min": 22.770000457763672,
    "temp_mitjana": 27.40999984741211
}