{
    "temp_max": 23.8700008392334,
    "temp_min": 10.130000114440918,
    "temp_mitjana": 18.739999771118164
}