{
    "temp_max": 15.319999694824219,
    "temp_min": 6.71999979019165,
    "temp_mitjana": 11.020000457763672
}