{
    "temp_max": 31.18000030517578,
    "temp_min": 23.3700008392334,
    "temp_mitjana": 27.219999313354492
}