{
    "temp_max": 29.020000457763672,
    "temp_min": 18.520000457763672,
    "temp_mitjana": 23.950000762939453
}