{
    "temp_max": 32.41999816894531,
    "temp_min": 22.020000457763672,
    "temp_mitjana": 26.68000030517578
}