{
    "temp_max": 29.3799991607666,
    "temp_min": 18.520000457763672,
    "temp_mitjana": 23.780000686645508
}