{
    "temp_max": 18.170000076293945,
    "temp_min": 7.230000019073486,
    "temp_mitjana": 12.130000114440918
}