{
    "temp_max": 37.16999816894531,
    "temp_min": 22.270000457763672,
    "temp_mitjana": 28.329999923706055
}