{
    "temp_max": 24.579999923706055,
    "temp_min": 12.470000267028809,
    "temp_mitjana": 17.600000381469727
}