{
    "temp_max": 32.630001068115234,
    "temp_min": 22.8799991607666,
    "temp_mitjana": 27.399999618530273
}