{
    "temp_max": 19.219999313354492,
    "temp_min": 6.630000114440918,
    "temp_mitjana": 14.4399995803833
}