{
    "temp_max": 27.1299991607666,
    "temp_min": 13.170000076293945,
    "temp_mitjana": 18.690000534057617
}