{
    "temp_max": 21.280000686645508,
    "temp_min": 9.170000076293945,
    "temp_mitjana": 15.399999618530273
}