{
    "temp_max": 21.479999542236328,
    "temp_min": 9.270000457763672,
    "temp_mitjana": 15.510000228881836
}