{
    "temp_max": 31.530000686645508,
    "temp_min": 19.1299991607666,
    "temp_mitjana": 26.18000030517578
}