{
    "temp_max": 32.66999816894531,
    "temp_min": 21.520000457763672,
    "temp_mitjana": 26.489999771118164
}