{
    "temp_max": 11.970000267028809,
    "temp_min": 0.33000001311302185,
    "temp_mitjana": 6.239999771118164
}