{
    "temp_max": 27.06999969482422,
    "temp_min": 13.079999923706055,
    "temp_mitjana": 21.100000381469727
}