{
    "temp_max": 16.219999313354492,
    "temp_min": 4.630000114440918,
    "temp_mitjana": 10.210000038146973
}