{
    "temp_max": 16.719999313354492,
    "temp_min": 7.420000076293945,
    "temp_mitjana": 11.760000228881836
}