{
    "temp_max": 20.31999969482422,
    "temp_min": 8.970000267028809,
    "temp_mitjana": 15.0600004196167
}