{
    "temp_max": 30.56999969482422,
    "temp_min": 17.8700008392334,
    "temp_mitjana": 24.530000686645508
}