{
    "temp_max": 15.069999694824219,
    "temp_min": 2.130000114440918,
    "temp_mitjana": 8.760000228881836
}