{
    "temp_max": 20.3799991607666,
    "temp_min": 8.569999694824219,
    "temp_mitjana": 14.170000076293945
}