{
    "temp_max": 27.93000030517578,
    "temp_min": 17.920000076293945,
    "temp_mitjana": 22.469999313354492
}