{
    "temp_max": 29.6200008392334,
    "temp_min": 20.079999923706055,
    "temp_mitjana": 24.149999618530273
}