{
    "temp_max": 28.1200008392334,
    "temp_min": 20.3700008392334,
    "temp_mitjana": 24.040000915527344
}