{
    "temp_max": 13.569999694824219,
    "temp_min": -0.6700000166893005,
    "temp_mitjana": 7.880000114440918
}