{
    "temp_max": 19.719999313354492,
    "temp_min": 9.170000076293945,
    "temp_mitjana": 14.470000267028809
}