{
    "temp_max": 20.93000030517578,
    "temp_min": 8.770000457763672,
    "temp_mitjana": 15.029999732971191
}