{
    "temp_max": 23.68000030517578,
    "temp_min": 9.869999885559082,
    "temp_mitjana": 16.889999389648438
}