{
    "temp_max": 35.83000183105469,
    "temp_min": 22.020000457763672,
    "temp_mitjana": 28.18000030517578
}