{
    "temp_max": 30.68000030517578,
    "temp_min": 20.6200008392334,
    "temp_mitjana": 25.190000534057617
}