{
    "temp_max": 36.31999969482422,
    "temp_min": 20.729999542236328,
    "temp_mitjana": 28.979999542236328
}