{
    "temp_max": 26.31999969482422,
    "temp_min": 13.470000267028809,
    "temp_mitjana": 18.969999313354492
}