{
    "temp_max": 26.969999313354492,
    "temp_min": 14.520000457763672,
    "temp_mitjana": 20.670000076293945
}