{
    "temp_max": 21.020000457763672,
    "temp_min": 11.880000114440918,
    "temp_mitjana": 17.350000381469727
}