{
    "temp_max": 28.3700008392334,
    "temp_min": 16.530000686645508,
    "temp_mitjana": 22.489999771118164
}