{
    "temp_max": 33.529998779296875,
    "temp_min": 22.18000030517578,
    "temp_mitjana": 27.850000381469727
}