{
    "temp_max": 29.8799991607666,
    "temp_min": 19.020000457763672,
    "temp_mitjana": 23.899999618530273
}