{
    "temp_max": 19.81999969482422,
    "temp_min": 1.7799999713897705,
    "temp_mitjana": 10.520000457763672
}