{
    "temp_max": 16.469999313354492,
    "temp_min": 6.329999923706055,
    "temp_mitjana": 12.210000038146973
}