{
    "temp_max": 28.579999923706055,
    "temp_min": 17.719999313354492,
    "temp_mitjana": 22.15999984741211
}