{
    "temp_max": 19.3700008392334,
    "temp_min": 5.53000020980835,
    "temp_mitjana": 10.989999771118164
}