{
    "temp_max": 26.770000457763672,
    "temp_min": 13.680000305175781,
    "temp_mitjana": 19.729999542236328
}