{
    "temp_max": 32.47999954223633,
    "temp_min": 22.6200008392334,
    "temp_mitjana": 27.170000076293945
}