{
    "temp_max": 25.979999542236328,
    "temp_min": 14.470000267028809,
    "temp_mitjana": 20.239999771118164
}