{
    "temp_max": 24.3700008392334,
    "temp_min": 12.270000457763672,
    "temp_mitjana": 17.440000534057617
}