{
    "temp_max": 30.969999313354492,
    "temp_min": 21.479999542236328,
    "temp_mitjana": 26.229999542236328
}