{
    "temp_max": 14.680000305175781,
    "temp_min": 0.6299999952316284,
    "temp_mitjana": 6.03000020980835
}