{
    "temp_max": 28.969999313354492,
    "temp_min": 18.31999969482422,
    "temp_mitjana": 23.920000076293945
}