{
    "temp_max": 16.18000030517578,
    "temp_min": 8.270000457763672,
    "temp_mitjana": 12.350000381469727
}