{
    "temp_max": 24.829999923706055,
    "temp_min": 12.170000076293945,
    "temp_mitjana": 17.6200008392334
}