{
    "temp_max": 24.479999542236328,
    "temp_min": 12.630000114440918,
    "temp_mitjana": 19.229999542236328
}