{
    "temp_max": 18.06999969482422,
    "temp_min": 3.680000066757202,
    "temp_mitjana": 11.729999542236328
}