{
    "temp_max": 14.770000457763672,
    "temp_min": 2.130000114440918,
    "temp_mitjana": 8.569999694824219
}