{
    "temp_max": 29.280000686645508,
    "temp_min": 18.920000076293945,
    "temp_mitjana": 23.920000076293945
}