{
    "temp_max": 15.630000114440918,
    "temp_min": 4.320000171661377,
    "temp_mitjana": 10.130000114440918
}