{
    "temp_max": 26.729999542236328,
    "temp_min": 14.569999694824219,
    "temp_mitjana": 19.989999771118164
}