{
    "temp_max": 14.880000114440918,
    "temp_min": 1.5800000429153442,
    "temp_mitjana": 9.260000228881836
}