{
    "temp_max": 17.079999923706055,
    "temp_min": 7.619999885559082,
    "temp_mitjana": 12.329999923706055
}