{
    "temp_max": 28.969999313354492,
    "temp_min": 18.420000076293945,
    "temp_mitjana": 23.729999542236328
}