{
    "temp_max": 32.72999954223633,
    "temp_min": 20.270000457763672,
    "temp_mitjana": 26.270000457763672
}