{
    "temp_max": 33.970001220703125,
    "temp_min": 22.520000457763672,
    "temp_mitjana": 28.049999237060547
}