{
    "temp_max": 32.97999954223633,
    "temp_min": 19.469999313354492,
    "temp_mitjana": 25.639999389648438
}