{
    "temp_max": 34.33000183105469,
    "temp_min": 19.719999313354492,
    "temp_mitjana": 25.639999389648438
}