{
    "temp_max": 32.81999969482422,
    "temp_min": 21.979999542236328,
    "temp_mitjana": 26.920000076293945
}