{
    "temp_max": 31.93000030517578,
    "temp_min": 20.020000457763672,
    "temp_mitjana": 25.860000610351562
}