{
    "temp_max": 34.68000030517578,
    "temp_min": 20.729999542236328,
    "temp_mitjana": 26.450000762939453
}