{
    "temp_max": 30.719999313354492,
    "temp_min": 21.229999542236328,
    "temp_mitjana": 25.68000030517578
}