{
    "temp_max": 13.119999885559082,
    "temp_min": 0.6299999952316284,
    "temp_mitjana": 7.070000171661377
}