{
    "temp_max": 15.819999694824219,
    "temp_min": 7.78000020980835,
    "temp_mitjana": 13.079999923706055
}