{
    "temp_max": 21.1200008392334,
    "temp_min": 10.380000114440918,
    "temp_mitjana": 16.200000762939453
}