{
    "temp_max": 20.670000076293945,
    "temp_min": 6.329999923706055,
    "temp_mitjana": 14.779999732971191
}