{
    "temp_max": 28.920000076293945,
    "temp_min": 18.06999969482422,
    "temp_mitjana": 22.56999969482422
}