{
    "temp_max": 31.170000076293945,
    "temp_min": 21.93000030517578,
    "temp_mitjana": 26.299999237060547
}