{
    "temp_max": 19.170000076293945,
    "temp_min": 7.480000019073486,
    "temp_mitjana": 12.84000015258789
}