{
    "temp_max": 26.280000686645508,
    "temp_min": 14.020000457763672,
    "temp_mitjana": 19.3799991607666
}