{
    "temp_max": 15.720000267028809,
    "temp_min": 8.720000267028809,
    "temp_mitjana": 12.050000190734863
}