{
    "temp_max": 14.619999885559082,
    "temp_min": 2.7699999809265137,
    "temp_mitjana": 6.889999866485596
}