{
    "temp_max": 33.31999969482422,
    "temp_min": 22.329999923706055,
    "temp_mitjana": 27.299999237060547
}