{
    "temp_max": 35.43000030517578,
    "temp_min": 22.06999969482422,
    "temp_mitjana": 27.84000015258789
}