{
    "temp_max": 16.670000076293945,
    "temp_min": 3.2699999809265137,
    "temp_mitjana": 9.170000076293945
}