{
    "temp_max": 17.1299991607666,
    "temp_min": 7.320000171661377,
    "temp_mitjana": 11.25
}