{
    "temp_max": 23.6200008392334,
    "temp_min": 7.829999923706055,
    "temp_mitjana": 16.260000228881836
}