{
    "temp_max": 26.229999542236328,
    "temp_min": 10.869999885559082,
    "temp_mitjana": 17.829999923706055
}