{
    "temp_max": 30.280000686645508,
    "temp_min": 18.6299991607666,
    "temp_mitjana": 23.829999923706055
}