{
    "temp_max": 31.6299991607666,
    "temp_min": 20.3700008392334,
    "temp_mitjana": 24.989999771118164
}