{
    "temp_max": 16.3700008392334,
    "temp_min": 4.730000019073486,
    "temp_mitjana": 11.0
}