{
    "temp_max": 26.280000686645508,
    "temp_min": 14.069999694824219,
    "temp_mitjana": 19.399999618530273
}