{
    "temp_max": 28.770000457763672,
    "temp_min": 18.170000076293945,
    "temp_mitjana": 22.809999465942383
}