{
    "temp_max": 23.6200008392334,
    "temp_min": 11.079999923706055,
    "temp_mitjana": 16.670000076293945
}