{
    "temp_max": 24.979999542236328,
    "temp_min": 11.170000076293945,
    "temp_mitjana": 17.18000030517578
}