{
    "temp_max": 31.920000076293945,
    "temp_min": 20.06999969482422,
    "temp_mitjana": 24.649999618530273
}