{
    "temp_max": 15.319999694824219,
    "temp_min": 6.820000171661377,
    "temp_mitjana": 11.270000457763672
}