{
    "temp_max": 24.479999542236328,
    "temp_min": 13.369999885559082,
    "temp_mitjana": 19.299999237060547
}