{
    "temp_max": 15.119999885559082,
    "temp_min": 4.28000020980835,
    "temp_mitjana": 9.449999809265137
}