{
    "temp_max": 28.270000457763672,
    "temp_min": 17.479999542236328,
    "temp_mitjana": 22.729999542236328
}