{
    "temp_max": 31.979999542236328,
    "temp_min": 21.920000076293945,
    "temp_mitjana": 25.389999389648438
}