{
    "temp_max": 15.420000076293945,
    "temp_min": 5.880000114440918,
    "temp_mitjana": 10.539999961853027
}