{
    "temp_max": 20.1299991607666,
    "temp_min": 7.070000171661377,
    "temp_mitjana": 13.180000305175781
}