{
    "temp_max": 27.3799991607666,
    "temp_min": 17.719999313354492,
    "temp_mitjana": 22.719999313354492
}