{
    "temp_max": 18.3700008392334,
    "temp_min": 5.480000019073486,
    "temp_mitjana": 12.109999656677246
}