{
    "temp_max": 14.670000076293945,
    "temp_min": 2.2300000190734863,
    "temp_mitjana": 9.600000381469727
}