{
    "temp_max": 32.18000030517578,
    "temp_min": 22.31999969482422,
    "temp_mitjana": 26.969999313354492
}