{
    "temp_max": 33.029998779296875,
    "temp_min": 21.469999313354492,
    "temp_mitjana": 26.90999984741211
}