{
    "temp_max": 31.770000457763672,
    "temp_min": 22.829999923706055,
    "temp_mitjana": 27.270000457763672
}