{
    "temp_max": 17.920000076293945,
    "temp_min": 6.320000171661377,
    "temp_mitjana": 12.180000305175781
}