{
    "temp_max": 23.030000686645508,
    "temp_min": 11.119999885559082,
    "temp_mitjana": 17.59000015258789
}