{
    "temp_max": 28.270000457763672,
    "temp_min": 17.81999969482422,
    "temp_mitjana": 22.780000686645508
}