{
    "temp_max": 14.979999542236328,
    "temp_min": 6.03000020980835,
    "temp_mitjana": 9.4399995803833
}