{
    "temp_max": 28.170000076293945,
    "temp_min": 12.880000114440918,
    "temp_mitjana": 18.760000228881836
}