{
    "temp_max": 28.8700008392334,
    "temp_min": 19.6200008392334,
    "temp_mitjana": 24.06999969482422
}