{
    "temp_max": 31.93000030517578,
    "temp_min": 17.969999313354492,
    "temp_mitjana": 24.190000534057617
}