{
    "temp_max": 22.1200008392334,
    "temp_min": 10.770000457763672,
    "temp_mitjana": 16.459999084472656
}