{
    "temp_max": 15.369999885559082,
    "temp_min": 3.680000066757202,
    "temp_mitjana": 10.229999542236328
}