{
    "temp_max": 23.670000076293945,
    "temp_min": 11.079999923706055,
    "temp_mitjana": 16.90999984741211
}