{
    "temp_max": 14.670000076293945,
    "temp_min": 2.130000114440918,
    "temp_mitjana": 9.239999771118164
}