{
    "temp_max": 18.170000076293945,
    "temp_min": 7.070000171661377,
    "temp_mitjana": 12.3100004196167
}