{
    "temp_max": 35.150001525878906,
    "temp_min": 22.719999313354492,
    "temp_mitjana": 28.299999237060547
}