{
    "temp_max": 27.6299991607666,
    "temp_min": 18.1299991607666,
    "temp_mitjana": 22.729999542236328
}