{
    "temp_max": 31.420000076293945,
    "temp_min": 18.93000030517578,
    "temp_mitjana": 25.059999465942383
}