{
    "temp_max": 23.770000457763672,
    "temp_min": 15.479999542236328,
    "temp_mitjana": 19.469999313354492
}