{
    "temp_max": 25.979999542236328,
    "temp_min": 10.920000076293945,
    "temp_mitjana": 18.09000015258789
}