{
    "temp_max": 23.06999969482422,
    "temp_min": 12.720000267028809,
    "temp_mitjana": 17.84000015258789
}