{
    "temp_max": 25.93000030517578,
    "temp_min": 13.020000457763672,
    "temp_mitjana": 19.350000381469727
}