{
    "temp_max": 26.06999969482422,
    "temp_min": 12.930000305175781,
    "temp_mitjana": 18.459999084472656
}