{
    "temp_max": 28.479999542236328,
    "temp_min": 17.969999313354492,
    "temp_mitjana": 23.190000534057617
}