{
    "temp_max": 29.18000030517578,
    "temp_min": 17.469999313354492,
    "temp_mitjana": 24.040000915527344
}