{
    "temp_max": 34.630001068115234,
    "temp_min": 20.530000686645508,
    "temp_mitjana": 26.90999984741211
}