{
    "temp_max": 28.3700008392334,
    "temp_min": 17.969999313354492,
    "temp_mitjana": 22.920000076293945
}