{
    "temp_max": 17.8700008392334,
    "temp_min": 5.380000114440918,
    "temp_mitjana": 11.989999771118164
}