{
    "temp_max": 35.43000030517578,
    "temp_min": 22.579999923706055,
    "temp_mitjana": 28.139999389648438
}