{
    "temp_max": 21.1299991607666,
    "temp_min": 7.329999923706055,
    "temp_mitjana": 12.829999923706055
}