{
    "temp_max": 17.43000030517578,
    "temp_min": 6.769999980926514,
    "temp_mitjana": 11.9399995803833
}