{
    "temp_max": 21.920000076293945,
    "temp_min": 7.03000020980835,
    "temp_mitjana": 15.890000343322754
}