{
    "temp_max": 22.31999969482422,
    "temp_min": 11.819999694824219,
    "temp_mitjana": 16.5
}