{
    "temp_max": 21.020000457763672,
    "temp_min": 7.730000019073486,
    "temp_mitjana": 14.920000076293945
}