{
    "temp_max": 21.920000076293945,
    "temp_min": 9.970000267028809,
    "temp_mitjana": 16.100000381469727
}