{
    "temp_max": 26.31999969482422,
    "temp_min": 19.270000457763672,
    "temp_mitjana": 22.290000915527344
}