{
    "temp_max": 22.6200008392334,
    "temp_min": 11.470000267028809,
    "temp_mitjana": 16.5
}