{
    "temp_max": 24.520000457763672,
    "temp_min": 13.670000076293945,
    "temp_mitjana": 19.43000030517578
}