{
    "temp_max": 21.06999969482422,
    "temp_min": 8.020000457763672,
    "temp_mitjana": 13.6899995803833
}