{
    "temp_max": 37.47999954223633,
    "temp_min": 22.670000076293945,
    "temp_mitjana": 27.459999084472656
}