{
    "temp_max": 15.420000076293945,
    "temp_min": 4.730000019073486,
    "temp_mitjana": 10.449999809265137
}