{
    "temp_max": 30.729999542236328,
    "temp_min": 18.31999969482422,
    "temp_mitjana": 24.6200008392334
}