{
    "temp_max": 30.479999542236328,
    "temp_min": 18.6299991607666,
    "temp_mitjana": 23.940000534057617
}