{
    "temp_max": 14.079999923706055,
    "temp_min": 4.28000020980835,
    "temp_mitjana": 9.09000015258789
}