{
    "temp_max": 26.780000686645508,
    "temp_min": 13.569999694824219,
    "temp_mitjana": 19.190000534057617
}