{
    "temp_max": 31.6299991607666,
    "temp_min": 22.8700008392334,
    "temp_mitjana": 27.139999389648438
}