{
    "temp_max": 27.06999969482422,
    "temp_min": 13.479999542236328,
    "temp_mitjana": 20.670000076293945
}