{
    "temp_max": 30.579999923706055,
    "temp_min": 19.31999969482422,
    "temp_mitjana": 24.260000228881836
}