{
    "temp_max": 27.06999969482422,
    "temp_min": 8.529999732971191,
    "temp_mitjana": 17.690000534057617
}