{
    "temp_max": 32.369998931884766,
    "temp_min": 22.1299991607666,
    "temp_mitjana": 27.040000915527344
}