{
    "temp_max": 19.420000076293945,
    "temp_min": 2.5299999713897705,
    "temp_mitjana": 12.8100004196167
}