{
    "temp_max": 26.81999969482422,
    "temp_min": 11.979999542236328,
    "temp_mitjana": 20.940000534057617
}