{
    "temp_max": 32.119998931884766,
    "temp_min": 22.020000457763672,
    "temp_mitjana": 26.65999984741211
}