{
    "temp_max": 32.779998779296875,
    "temp_min": 20.170000076293945,
    "temp_mitjana": 26.170000076293945
}