{
    "temp_max": 28.3700008392334,
    "temp_min": 17.280000686645508,
    "temp_mitjana": 23.3799991607666
}