{
    "temp_max": 22.68000030517578,
    "temp_min": 13.170000076293945,
    "temp_mitjana": 16.84000015258789
}