{
    "temp_max": 36.630001068115234,
    "temp_min": 20.920000076293945,
    "temp_mitjana": 27.790000915527344
}