{
    "temp_max": 21.3700008392334,
    "temp_min": 12.229999542236328,
    "temp_mitjana": 17.020000457763672
}