{
    "temp_max": 29.020000457763672,
    "temp_min": 13.930000305175781,
    "temp_mitjana": 23.6299991607666
}