{
    "temp_max": 31.3700008392334,
    "temp_min": 20.469999313354492,
    "temp_mitjana": 25.989999771118164
}