{
    "temp_max": 32.630001068115234,
    "temp_min": 20.170000076293945,
    "temp_mitjana": 25.350000381469727
}