{
    "temp_max": 26.229999542236328,
    "temp_min": 10.819999694824219,
    "temp_mitjana": 17.719999313354492
}