{
    "temp_max": 31.020000457763672,
    "temp_min": 20.219999313354492,
    "temp_mitjana": 25.3799991607666
}