{
    "temp_max": 36.33000183105469,
    "temp_min": 20.81999969482422,
    "temp_mitjana": 27.030000686645508
}