{
    "temp_max": 33.56999969482422,
    "temp_min": 22.43000030517578,
    "temp_mitjana": 27.6200008392334
}