{
    "temp_max": 16.469999313354492,
    "temp_min": 6.869999885559082,
    "temp_mitjana": 11.0600004196167
}