{
    "temp_max": 34.06999969482422,
    "temp_min": 22.520000457763672,
    "temp_mitjana": 28.030000686645508
}