{
    "temp_max": 18.670000076293945,
    "temp_min": 0.3799999952316284,
    "temp_mitjana": 9.550000190734863
}