{
    "temp_max": 31.1299991607666,
    "temp_min": 20.920000076293945,
    "temp_mitjana": 25.280000686645508
}