{
    "temp_max": 20.530000686645508,
    "temp_min": 7.079999923706055,
    "temp_mitjana": 12.75
}