{
    "temp_max": 17.969999313354492,
    "temp_min": 0.5799999833106995,
    "temp_mitjana": 9.859999656677246
}