{
    "temp_max": 28.56999969482422,
    "temp_min": 18.420000076293945,
    "temp_mitjana": 23.5
}