{
    "temp_max": 15.220000267028809,
    "temp_min": 4.679999828338623,
    "temp_mitjana": 10.010000228881836
}