{
    "temp_max": 19.8700008392334,
    "temp_min": 5.630000114440918,
    "temp_mitjana": 10.989999771118164
}