{
    "temp_max": 17.670000076293945,
    "temp_min": 3.9800000190734863,
    "temp_mitjana": 9.90999984741211
}