{
    "temp_max": 26.280000686645508,
    "temp_min": 13.819999694824219,
    "temp_mitjana": 19.40999984741211
}