{
    "temp_max": 34.43000030517578,
    "temp_min": 17.770000457763672,
    "temp_mitjana": 24.1299991607666
}