{
    "temp_max": 18.43000030517578,
    "temp_min": 6.820000171661377,
    "temp_mitjana": 12.100000381469727
}