{
    "temp_max": 15.770000457763672,
    "temp_min": 7.53000020980835,
    "temp_mitjana": 11.5
}