{
    "temp_max": 15.920000076293945,
    "temp_min": 7.53000020980835,
    "temp_mitjana": 11.779999732971191
}