{
    "temp_max": 27.219999313354492,
    "temp_min": 13.130000114440918,
    "temp_mitjana": 20.290000915527344
}