{
    "temp_max": 18.520000457763672,
    "temp_min": 4.53000020980835,
    "temp_mitjana": 11.84000015258789
}