{
    "temp_max": 32.52000045776367,
    "temp_min": 23.170000076293945,
    "temp_mitjana": 27.68000030517578
}