{
    "temp_max": 33.119998931884766,
    "temp_min": 21.81999969482422,
    "temp_mitjana": 27.649999618530273
}