{
    "temp_max": 15.829999923706055,
    "temp_min": 6.320000171661377,
    "temp_mitjana": 10.1899995803833
}