{
    "temp_max": 30.920000076293945,
    "temp_min": 20.969999313354492,
    "temp_mitjana": 25.8799991607666
}