{
    "temp_max": 23.469999313354492,
    "temp_min": 13.569999694824219,
    "temp_mitjana": 18.670000076293945
}