{
    "temp_max": 23.8799991607666,
    "temp_min": 10.569999694824219,
    "temp_mitjana": 16.899999618530273
}