{
    "temp_max": 15.420000076293945,
    "temp_min": 7.070000171661377,
    "temp_mitjana": 10.779999732971191
}