{
    "temp_max": 30.68000030517578,
    "temp_min": 17.920000076293945,
    "temp_mitjana": 23.670000076293945
}