{
    "temp_max": 21.06999969482422,
    "temp_min": 6.78000020980835,
    "temp_mitjana": 15.260000228881836
}