{
    "temp_max": 32.31999969482422,
    "temp_min": 20.420000076293945,
    "temp_mitjana": 25.360000610351562
}