{
    "temp_max": 35.119998931884766,
    "temp_min": 22.1200008392334,
    "temp_mitjana": 27.299999237060547
}