{
    "temp_max": 14.680000305175781,
    "temp_min": 4.53000020980835,
    "temp_mitjana": 9.520000457763672
}