{
    "temp_max": 18.31999969482422,
    "temp_min": 7.619999885559082,
    "temp_mitjana": 12.15999984741211
}