{
    "temp_max": 34.220001220703125,
    "temp_min": 21.829999923706055,
    "temp_mitjana": 27.719999313354492
}