{
    "temp_max": 16.56999969482422,
    "temp_min": 8.270000457763672,
    "temp_mitjana": 13.220000267028809
}