{
    "temp_max": 21.729999542236328,
    "temp_min": 7.71999979019165,
    "temp_mitjana": 13.470000267028809
}