{
    "temp_max": 23.469999313354492,
    "temp_min": 10.920000076293945,
    "temp_mitjana": 16.75
}