{
    "temp_max": 15.869999885559082,
    "temp_min": 6.369999885559082,
    "temp_mitjana": 10.9399995803833
}