{
    "temp_max": 36.41999816894531,
    "temp_min": 22.1299991607666,
    "temp_mitjana": 27.8799991607666
}