{
    "temp_max": 24.719999313354492,
    "temp_min": 12.270000457763672,
    "temp_mitjana": 16.989999771118164
}