{
    "temp_max": 21.969999313354492,
    "temp_min": 13.819999694824219,
    "temp_mitjana": 17.8700008392334
}