{
    "temp_max": 24.329999923706055,
    "temp_min": 11.779999732971191,
    "temp_mitjana": 19.049999237060547
}