{
    "temp_max": 29.229999542236328,
    "temp_min": 18.020000457763672,
    "temp_mitjana": 23.670000076293945
}