{
    "temp_max": 20.93000030517578,
    "temp_min": 8.819999694824219,
    "temp_mitjana": 15.069999694824219
}