{
    "temp_max": 29.8799991607666,
    "temp_min": 18.81999969482422,
    "temp_mitjana": 23.950000762939453
}