{
    "temp_max": 25.8700008392334,
    "temp_min": 13.970000267028809,
    "temp_mitjana": 19.75
}