{
    "temp_max": 31.43000030517578,
    "temp_min": 19.969999313354492,
    "temp_mitjana": 25.940000534057617
}