{
    "temp_max": 24.729999542236328,
    "temp_min": 12.319999694824219,
    "temp_mitjana": 17.600000381469727
}