{
    "temp_max": 23.770000457763672,
    "temp_min": 7.829999923706055,
    "temp_mitjana": 16.559999465942383
}