{
    "temp_max": 26.079999923706055,
    "temp_min": 14.970000267028809,
    "temp_mitjana": 19.6299991607666
}