{
    "temp_max": 22.1299991607666,
    "temp_min": 4.78000020980835,
    "temp_mitjana": 12.529999732971191
}