{
    "temp_max": 19.020000457763672,
    "temp_min": 8.220000267028809,
    "temp_mitjana": 12.9399995803833
}