{
    "temp_max": 29.3799991607666,
    "temp_min": 17.770000457763672,
    "temp_mitjana": 23.649999618530273
}