{
    "temp_max": 36.27000045776367,
    "temp_min": 21.829999923706055,
    "temp_mitjana": 29.0
}