{
    "temp_max": 21.479999542236328,
    "temp_min": 8.970000267028809,
    "temp_mitjana": 15.680000305175781
}