{
    "temp_max": 16.329999923706055,
    "temp_min": 8.369999885559082,
    "temp_mitjana": 13.069999694824219
}