{
    "temp_max": 18.920000076293945,
    "temp_min": 7.099999904632568,
    "temp_mitjana": 12.75
}