{
    "temp_max": 27.8799991607666,
    "temp_min": 13.720000267028809,
    "temp_mitjana": 19.440000534057617
}