{
    "temp_max": 14.369999885559082,
    "temp_min": 3.7799999713897705,
    "temp_mitjana": 10.1899995803833
}