{
    "temp_max": 26.170000076293945,
    "temp_min": 13.529999732971191,
    "temp_mitjana": 20.049999237060547
}