{
    "temp_max": 20.469999313354492,
    "temp_min": 8.920000076293945,
    "temp_mitjana": 14.619999885559082
}