{
    "temp_max": 19.020000457763672,
    "temp_min": 4.019999980926514,
    "temp_mitjana": 11.489999771118164
}