{
    "temp_max": 15.420000076293945,
    "temp_min": 1.6200000047683716,
    "temp_mitjana": 8.770000457763672
}