{
    "temp_max": 34.58000183105469,
    "temp_min": 20.81999969482422,
    "temp_mitjana": 26.899999618530273
}