{
    "temp_max": 29.219999313354492,
    "temp_min": 17.530000686645508,
    "temp_mitjana": 22.530000686645508
}