{
    "temp_max": 19.020000457763672,
    "temp_min": 5.46999979019165,
    "temp_mitjana": 11.539999961853027
}