{
    "temp_max": 27.93000030517578,
    "temp_min": 17.280000686645508,
    "temp_mitjana": 22.479999542236328
}