{
    "temp_max": 17.1200008392334,
    "temp_min": 8.180000305175781,
    "temp_mitjana": 13.609999656677246
}