{
    "temp_max": 14.920000076293945,
    "temp_min": 3.3299999237060547,
    "temp_mitjana": 9.65999984741211
}