{
    "temp_max": 19.670000076293945,
    "temp_min": 5.329999923706055,
    "temp_mitjana": 11.510000228881836
}