{
    "temp_max": 23.06999969482422,
    "temp_min": 13.770000457763672,
    "temp_mitjana": 17.969999313354492
}