{
    "temp_max": 23.729999542236328,
    "temp_min": 11.270000457763672,
    "temp_mitjana": 16.81999969482422
}