{
    "temp_max": 33.97999954223633,
    "temp_min": 20.6200008392334,
    "temp_mitjana": 26.59000015258789
}