{
    "temp_max": 18.8700008392334,
    "temp_min": 8.520000457763672,
    "temp_mitjana": 12.630000114440918
}