{
    "temp_max": 34.119998931884766,
    "temp_min": 20.829999923706055,
    "temp_mitjana": 27.059999465942383
}