{
    "temp_max": 22.030000686645508,
    "temp_min": 8.970000267028809,
    "temp_mitjana": 15.069999694824219
}