{
    "temp_max": 22.719999313354492,
    "temp_min": 9.979999542236328,
    "temp_mitjana": 16.0
}