{
    "temp_max": 31.920000076293945,
    "temp_min": 23.329999923706055,
    "temp_mitjana": 27.479999542236328
}