{
    "temp_max": 24.780000686645508,
    "temp_min": 11.470000267028809,
    "temp_mitjana": 16.700000762939453
}