{
    "temp_max": 36.31999969482422,
    "temp_min": 21.1299991607666,
    "temp_mitjana": 28.139999389648438
}