{
    "temp_max": 30.969999313354492,
    "temp_min": 20.670000076293945,
    "temp_mitjana": 25.559999465942383
}