{
    "temp_max": 14.420000076293945,
    "temp_min": 6.130000114440918,
    "temp_mitjana": 10.970000267028809
}