{
    "temp_max": 28.520000457763672,
    "temp_min": 16.43000030517578,
    "temp_mitjana": 22.469999313354492
}