{
    "temp_max": 32.58000183105469,
    "temp_min": 21.6299991607666,
    "temp_mitjana": 26.780000686645508
}