{
    "temp_max": 36.27000045776367,
    "temp_min": 22.479999542236328,
    "temp_mitjana": 29.06999969482422
}