{
    "temp_max": 28.969999313354492,
    "temp_min": 17.8700008392334,
    "temp_mitjana": 22.68000030517578
}