{
    "temp_max": 20.780000686645508,
    "temp_min": 6.880000114440918,
    "temp_mitjana": 14.460000038146973
}