{
    "temp_max": 34.06999969482422,
    "temp_min": 19.18000030517578,
    "temp_mitjana": 25.25
}