{
    "temp_max": 28.31999969482422,
    "temp_min": 16.81999969482422,
    "temp_mitjana": 22.450000762939453
}