{
    "temp_max": 23.670000076293945,
    "temp_min": 11.180000305175781,
    "temp_mitjana": 19.09000015258789
}