{
    "temp_max": 26.670000076293945,
    "temp_min": 8.479999542236328,
    "temp_mitjana": 17.8799991607666
}