{
    "temp_max": 15.720000267028809,
    "temp_min": 6.730000019073486,
    "temp_mitjana": 11.84000015258789
}