{
    "temp_max": 16.020000457763672,
    "temp_min": 6.369999885559082,
    "temp_mitjana": 10.970000267028809
}