{
    "temp_max": 34.220001220703125,
    "temp_min": 21.530000686645508,
    "temp_mitjana": 27.670000076293945
}