{
    "temp_max": 23.729999542236328,
    "temp_min": 10.869999885559082,
    "temp_mitjana": 16.6299991607666
}