{
    "temp_max": 31.530000686645508,
    "temp_min": 20.420000076293945,
    "temp_mitjana": 26.190000534057617
}