{
    "temp_max": 17.8700008392334,
    "temp_min": 4.21999979019165,
    "temp_mitjana": 9.930000305175781
}