{
    "temp_max": 13.970000267028809,
    "temp_min": 3.680000066757202,
    "temp_mitjana": 10.350000381469727
}