{
    "temp_max": 19.6200008392334,
    "temp_min": 4.480000019073486,
    "temp_mitjana": 11.5600004196167
}