{
    "temp_max": 29.520000457763672,
    "temp_min": 18.530000686645508,
    "temp_mitjana": 23.3700008392334
}