{
    "temp_max": 17.170000076293945,
    "temp_min": 8.180000305175781,
    "temp_mitjana": 13.619999885559082
}