{
    "temp_max": 26.920000076293945,
    "temp_min": 8.479999542236328,
    "temp_mitjana": 17.93000030517578
}