{
    "temp_max": 20.829999923706055,
    "temp_min": 5.329999923706055,
    "temp_mitjana": 12.649999618530273
}