{
    "temp_max": 17.420000076293945,
    "temp_min": 4.53000020980835,
    "temp_mitjana": 11.899999618530273
}