{
    "temp_max": 23.719999313354492,
    "temp_min": 13.119999885559082,
    "temp_mitjana": 18.15999984741211
}