{
    "temp_max": 32.47999954223633,
    "temp_min": 20.770000457763672,
    "temp_mitjana": 25.84000015258789
}