{
    "temp_max": 30.1299991607666,
    "temp_min": 15.569999694824219,
    "temp_mitjana": 21.549999237060547
}