{
    "temp_max": 31.56999969482422,
    "temp_min": 21.579999923706055,
    "temp_mitjana": 27.31999969482422
}