{
    "temp_max": 19.3799991607666,
    "temp_min": 4.570000171661377,
    "temp_mitjana": 10.789999961853027
}