{
    "temp_max": 27.420000076293945,
    "temp_min": 18.81999969482422,
    "temp_mitjana": 23.010000228881836
}