{
    "temp_max": 28.170000076293945,
    "temp_min": 16.8700008392334,
    "temp_mitjana": 22.06999969482422
}