{
    "temp_max": 30.770000457763672,
    "temp_min": 22.1299991607666,
    "temp_mitjana": 25.479999542236328
}