{
    "temp_max": 35.279998779296875,
    "temp_min": 21.969999313354492,
    "temp_mitjana": 28.06999969482422
}