{
    "temp_max": 33.91999816894531,
    "temp_min": 21.229999542236328,
    "temp_mitjana": 28.440000534057617
}