{
    "temp_max": 22.979999542236328,
    "temp_min": 12.720000267028809,
    "temp_mitjana": 17.739999771118164
}