{
    "temp_max": 33.97999954223633,
    "temp_min": 20.520000457763672,
    "temp_mitjana": 26.360000610351562
}