{
    "temp_max": 36.529998779296875,
    "temp_min": 21.06999969482422,
    "temp_mitjana": 26.81999969482422
}