{
    "temp_max": 16.8700008392334,
    "temp_min": 1.4299999475479126,
    "temp_mitjana": 9.600000381469727
}