{
    "temp_max": 19.1200008392334,
    "temp_min": 5.179999828338623,
    "temp_mitjana": 12.819999694824219
}