{
    "temp_max": 33.41999816894531,
    "temp_min": 23.3799991607666,
    "temp_mitjana": 28.059999465942383
}