{
    "temp_max": 14.569999694824219,
    "temp_min": 2.7799999713897705,
    "temp_mitjana": 9.15999984741211
}