{
    "temp_max": 18.06999969482422,
    "temp_min": 5.829999923706055,
    "temp_mitjana": 11.970000267028809
}