{
    "temp_max": 15.270000457763672,
    "temp_min": 3.5799999237060547,
    "temp_mitjana": 9.899999618530273
}