{
    "temp_max": 26.979999542236328,
    "temp_min": 17.420000076293945,
    "temp_mitjana": 22.219999313354492
}