{
    "temp_max": 30.780000686645508,
    "temp_min": 20.420000076293945,
    "temp_mitjana": 25.079999923706055
}