{
    "temp_max": 15.770000457763672,
    "temp_min": 5.96999979019165,
    "temp_mitjana": 10.260000228881836
}