{
    "temp_max": 17.3799991607666,
    "temp_min": 3.6700000762939453,
    "temp_mitjana": 10.010000228881836
}