{
    "temp_max": 35.97999954223633,
    "temp_min": 22.719999313354492,
    "temp_mitjana": 28.440000534057617
}