{
    "temp_max": 20.170000076293945,
    "temp_min": 8.819999694824219,
    "temp_mitjana": 15.25
}