{
    "temp_max": 22.979999542236328,
    "temp_min": 13.770000457763672,
    "temp_mitjana": 17.90999984741211
}