{
    "temp_max": 24.579999923706055,
    "temp_min": 14.670000076293945,
    "temp_mitjana": 19.110000610351562
}