{
    "temp_max": 20.8700008392334,
    "temp_min": 9.130000114440918,
    "temp_mitjana": 15.069999694824219
}