{
    "temp_max": 33.720001220703125,
    "temp_min": 21.06999969482422,
    "temp_mitjana": 26.940000534057617
}