{
    "temp_max": 28.280000686645508,
    "temp_min": 17.81999969482422,
    "temp_mitjana": 23.18000030517578
}