{
    "temp_max": 27.06999969482422,
    "temp_min": 17.420000076293945,
    "temp_mitjana": 22.489999771118164
}