{
    "temp_max": 33.619998931884766,
    "temp_min": 23.3799991607666,
    "temp_mitjana": 28.290000915527344
}