{
    "temp_max": 34.91999816894531,
    "temp_min": 20.93000030517578,
    "temp_mitjana": 27.3700008392334
}