{
    "temp_max": 31.229999542236328,
    "temp_min": 19.920000076293945,
    "temp_mitjana": 25.389999389648438
}