{
    "temp_max": 26.469999313354492,
    "temp_min": 11.329999923706055,
    "temp_mitjana": 20.8700008392334
}