{
    "temp_max": 29.329999923706055,
    "temp_min": 14.619999885559082,
    "temp_mitjana": 20.350000381469727
}