{
    "temp_max": 37.47999954223633,
    "temp_min": 21.56999969482422,
    "temp_mitjana": 28.06999969482422
}