{
    "temp_max": 30.31999969482422,
    "temp_min": 17.8799991607666,
    "temp_mitjana": 25.549999237060547
}