{
    "temp_max": 20.06999969482422,
    "temp_min": 6.78000020980835,
    "temp_mitjana": 12.739999771118164
}