{
    "temp_max": 24.170000076293945,
    "temp_min": 10.130000114440918,
    "temp_mitjana": 16.969999313354492
}