{
    "temp_max": 20.969999313354492,
    "temp_min": 2.5299999713897705,
    "temp_mitjana": 13.5
}