{
    "temp_max": 30.3799991607666,
    "temp_min": 19.219999313354492,
    "temp_mitjana": 24.719999313354492
}