{
    "temp_max": 16.18000030517578,
    "temp_min": 8.569999694824219,
    "temp_mitjana": 12.390000343322754
}