{
    "temp_max": 27.6200008392334,
    "temp_min": 14.670000076293945,
    "temp_mitjana": 19.850000381469727
}