{
    "temp_max": 19.719999313354492,
    "temp_min": 8.920000076293945,
    "temp_mitjana": 14.479999542236328
}