{
    "temp_max": 18.3700008392334,
    "temp_min": 8.149999618530273,
    "temp_mitjana": 13.029999732971191
}