{
    "temp_max": 28.729999542236328,
    "temp_min": 15.470000267028809,
    "temp_mitjana": 21.309999465942383
}