{
    "temp_max": 32.029998779296875,
    "temp_min": 20.8700008392334,
    "temp_mitjana": 26.190000534057617
}