{
    "temp_max": 35.68000030517578,
    "temp_min": 22.469999313354492,
    "temp_mitjana": 28.059999465942383
}