{
    "temp_max": 23.18000030517578,
    "temp_min": 10.319999694824219,
    "temp_mitjana": 15.989999771118164
}