{
    "temp_max": 28.219999313354492,
    "temp_min": 18.31999969482422,
    "temp_mitjana": 22.510000228881836
}