{
    "temp_max": 35.72999954223633,
    "temp_min": 22.270000457763672,
    "temp_mitjana": 28.219999313354492
}