{
    "temp_max": 17.56999969482422,
    "temp_min": 6.730000019073486,
    "temp_mitjana": 11.949999809265137
}