{
    "temp_max": 19.81999969482422,
    "temp_min": 1.4800000190734863,
    "temp_mitjana": 10.270000457763672
}