{
    "temp_max": 23.43000030517578,
    "temp_min": 13.770000457763672,
    "temp_mitjana": 17.979999542236328
}