{
    "temp_max": 29.079999923706055,
    "temp_min": 15.630000114440918,
    "temp_mitjana": 21.709999084472656
}