{
    "temp_max": 31.18000030517578,
    "temp_min": 17.520000457763672,
    "temp_mitjana": 23.299999237060547
}