{
    "temp_max": 18.56999969482422,
    "temp_min": 6.96999979019165,
    "temp_mitjana": 12.1899995803833
}