{
    "temp_max": 17.219999313354492,
    "temp_min": 8.390000343322754,
    "temp_mitjana": 13.5600004196167
}