{
    "temp_max": 26.31999969482422,
    "temp_min": 13.229999542236328,
    "temp_mitjana": 19.959999084472656
}