{
    "temp_max": 19.170000076293945,
    "temp_min": 8.329999923706055,
    "temp_mitjana": 12.84000015258789
}