{
    "temp_max": 32.369998931884766,
    "temp_min": 23.030000686645508,
    "temp_mitjana": 27.65999984741211
}