{
    "temp_max": 16.1299991607666,
    "temp_min": 5.480000019073486,
    "temp_mitjana": 9.970000267028809
}