{
    "temp_max": 23.43000030517578,
    "temp_min": 10.520000457763672,
    "temp_mitjana": 16.540000915527344
}