{
    "temp_max": 36.130001068115234,
    "temp_min": 22.170000076293945,
    "temp_mitjana": 28.100000381469727
}