{
    "temp_max": 18.469999313354492,
    "temp_min": 0.5799999833106995,
    "temp_mitjana": 9.279999732971191
}