{
    "temp_max": 15.579999923706055,
    "temp_min": 4.28000020980835,
    "temp_mitjana": 9.170000076293945
}