{
    "temp_max": 30.520000457763672,
    "temp_min": 17.43000030517578,
    "temp_mitjana": 24.940000534057617
}