{
    "temp_max": 23.829999923706055,
    "temp_min": 9.270000457763672,
    "temp_mitjana": 16.459999084472656
}