{
    "temp_max": 19.3700008392334,
    "temp_min": 6.070000171661377,
    "temp_mitjana": 11.199999809265137
}