{
    "temp_max": 34.470001220703125,
    "temp_min": 19.530000686645508,
    "temp_mitjana": 25.770000457763672
}