{
    "temp_max": 32.33000183105469,
    "temp_min": 20.170000076293945,
    "temp_mitjana": 25.200000762939453
}