{
    "temp_max": 16.1299991607666,
    "temp_min": 8.569999694824219,
    "temp_mitjana": 12.369999885559082
}