{
    "temp_max": 24.329999923706055,
    "temp_min": 14.729999542236328,
    "temp_mitjana": 19.559999465942383
}