{
    "temp_max": 16.8700008392334,
    "temp_min": 2.880000114440918,
    "temp_mitjana": 9.640000343322754
}