{
    "temp_max": 21.6299991607666,
    "temp_min": 13.369999885559082,
    "temp_mitjana": 16.829999923706055
}