{
    "temp_max": 34.33000183105469,
    "temp_min": 19.8700008392334,
    "temp_mitjana": 25.959999084472656
}