{
    "temp_max": 24.1200008392334,
    "temp_min": 6.980000019073486,
    "temp_mitjana": 15.75
}