{
    "temp_max": 32.380001068115234,
    "temp_min": 23.030000686645508,
    "temp_mitjana": 27.56999969482422
}