{
    "temp_max": 28.520000457763672,
    "temp_min": 18.829999923706055,
    "temp_mitjana": 22.81999969482422
}