{
    "temp_max": 21.06999969482422,
    "temp_min": 7.929999828338623,
    "temp_mitjana": 15.260000228881836
}