{
    "temp_max": 16.719999313354492,
    "temp_min": 6.920000076293945,
    "temp_mitjana": 10.720000267028809
}