{
    "temp_max": 21.1299991607666,
    "temp_min": 8.569999694824219,
    "temp_mitjana": 14.270000457763672
}