{
    "temp_max": 35.58000183105469,
    "temp_min": 22.030000686645508,
    "temp_mitjana": 28.8700008392334
}