{
    "temp_max": 15.619999885559082,
    "temp_min": 4.630000114440918,
    "temp_mitjana": 10.119999885559082
}