{
    "temp_max": 29.81999969482422,
    "temp_min": 18.06999969482422,
    "temp_mitjana": 24.149999618530273
}