{
    "temp_max": 15.069999694824219,
    "temp_min": 5.170000076293945,
    "temp_mitjana": 9.8100004196167
}