{
    "temp_max": 20.1200008392334,
    "temp_min": 6.869999885559082,
    "temp_mitjana": 12.760000228881836
}