{
    "temp_max": 16.920000076293945,
    "temp_min": 3.5199999809265137,
    "temp_mitjana": 8.979999542236328
}