{
    "temp_max": 34.630001068115234,
    "temp_min": 20.8700008392334,
    "temp_mitjana": 27.049999237060547
}