{
    "temp_max": 19.920000076293945,
    "temp_min": 1.7799999713897705,
    "temp_mitjana": 10.899999618530273
}