{
    "temp_max": 31.530000686645508,
    "temp_min": 20.1200008392334,
    "temp_mitjana": 25.739999771118164
}