{
    "temp_max": 16.1299991607666,
    "temp_min": 7.130000114440918,
    "temp_mitjana": 12.15999984741211
}