{
    "temp_max": 22.469999313354492,
    "temp_min": 12.869999885559082,
    "temp_mitjana": 18.200000762939453
}