{
    "temp_max": 31.43000030517578,
    "temp_min": 17.670000076293945,
    "temp_mitjana": 24.469999313354492
}