{
    "temp_max": 21.8700008392334,
    "temp_min": 8.130000114440918,
    "temp_mitjana": 16.030000686645508
}