{
    "temp_max": 18.56999969482422,
    "temp_min": 2.619999885559082,
    "temp_mitjana": 10.489999771118164
}