{
    "temp_max": 19.770000457763672,
    "temp_min": 6.320000171661377,
    "temp_mitjana": 11.59000015258789
}