{
    "temp_max": 22.8700008392334,
    "temp_min": 10.619999885559082,
    "temp_mitjana": 16.59000015258789
}