{
    "temp_max": 17.3799991607666,
    "temp_min": 3.5199999809265137,
    "temp_mitjana": 9.65999984741211
}