{
    "temp_max": 31.6200008392334,
    "temp_min": 19.18000030517578,
    "temp_mitjana": 24.739999771118164
}