{
    "temp_max": 27.579999923706055,
    "temp_min": 17.43000030517578,
    "temp_mitjana": 22.510000228881836
}