{
    "temp_max": 16.3700008392334,
    "temp_min": 7.230000019073486,
    "temp_mitjana": 12.149999618530273
}