{
    "temp_max": 24.469999313354492,
    "temp_min": 12.779999732971191,
    "temp_mitjana": 19.100000381469727
}