{
    "temp_max": 33.27000045776367,
    "temp_min": 23.18000030517578,
    "temp_mitjana": 27.940000534057617
}