{
    "temp_max": 29.18000030517578,
    "temp_min": 17.469999313354492,
    "temp_mitjana": 23.670000076293945
}