{
    "temp_max": 31.770000457763672,
    "temp_min": 22.18000030517578,
    "temp_mitjana": 26.979999542236328
}