{
    "temp_max": 14.920000076293945,
    "temp_min": 3.0299999713897705,
    "temp_mitjana": 9.899999618530273
}