{
    "temp_max": 20.18000030517578,
    "temp_min": 7.829999923706055,
    "temp_mitjana": 12.59000015258789
}