{
    "temp_max": 21.020000457763672,
    "temp_min": 10.180000305175781,
    "temp_mitjana": 16.030000686645508
}