{
    "temp_max": 25.1299991607666,
    "temp_min": 13.619999885559082,
    "temp_mitjana": 18.959999084472656
}