{
    "temp_max": 34.619998931884766,
    "temp_min": 22.229999542236328,
    "temp_mitjana": 28.3799991607666
}