{
    "temp_max": 19.829999923706055,
    "temp_min": 3.9200000762939453,
    "temp_mitjana": 10.770000457763672
}