{
    "temp_max": 20.229999542236328,
    "temp_min": 8.079999923706055,
    "temp_mitjana": 13.6899995803833
}