{
    "temp_max": 28.8700008392334,
    "temp_min": 18.270000457763672,
    "temp_mitjana": 22.770000457763672
}