{
    "temp_max": 32.529998779296875,
    "temp_min": 19.420000076293945,
    "temp_mitjana": 25.860000610351562
}