{
    "temp_max": 27.43000030517578,
    "temp_min": 9.829999923706055,
    "temp_mitjana": 16.31999969482422
}