{
    "temp_max": 20.8700008392334,
    "temp_min": 8.720000267028809,
    "temp_mitjana": 15.050000190734863
}