{
    "temp_max": 24.18000030517578,
    "temp_min": 15.319999694824219,
    "temp_mitjana": 19.149999618530273
}