{
    "temp_max": 16.030000686645508,
    "temp_min": 6.96999979019165,
    "temp_mitjana": 10.710000038146973
}