{
    "temp_max": 26.270000457763672,
    "temp_min": 17.56999969482422,
    "temp_mitjana": 21.520000457763672
}