{
    "temp_max": 15.319999694824219,
    "temp_min": 6.869999885559082,
    "temp_mitjana": 11.279999732971191
}