{
    "temp_max": 34.279998779296875,
    "temp_min": 20.1200008392334,
    "temp_mitjana": 26.100000381469727
}