{
    "temp_max": 33.529998779296875,
    "temp_min": 22.3700008392334,
    "temp_mitjana": 27.940000534057617
}