{
    "temp_max": 26.020000457763672,
    "temp_min": 11.979999542236328,
    "temp_mitjana": 18.18000030517578
}