{
    "temp_max": 21.280000686645508,
    "temp_min": 13.670000076293945,
    "temp_mitjana": 17.280000686645508
}