{
    "temp_max": 23.6200008392334,
    "temp_min": 12.220000267028809,
    "temp_mitjana": 17.56999969482422
}