{
    "temp_max": 29.020000457763672,
    "temp_min": 17.8700008392334,
    "temp_mitjana": 22.690000534057617
}