{
    "temp_max": 11.920000076293945,
    "temp_min": 0.33000001311302185,
    "temp_mitjana": 6.199999809265137
}