{
    "temp_max": 20.420000076293945,
    "temp_min": 8.520000457763672,
    "temp_mitjana": 15.710000038146973
}