{
    "temp_max": 24.979999542236328,
    "temp_min": 10.270000457763672,
    "temp_mitjana": 16.979999542236328
}