{
    "temp_max": 16.6299991607666,
    "temp_min": 2.1700000762939453,
    "temp_mitjana": 8.180000305175781
}