{
    "temp_max": 32.029998779296875,
    "temp_min": 20.670000076293945,
    "temp_mitjana": 25.700000762939453
}