{
    "temp_max": 16.219999313354492,
    "temp_min": 7.21999979019165,
    "temp_mitjana": 10.84000015258789
}