{
    "temp_max": 29.670000076293945,
    "temp_min": 19.229999542236328,
    "temp_mitjana": 23.649999618530273
}