{
    "temp_max": 19.170000076293945,
    "temp_min": 4.179999828338623,
    "temp_mitjana": 12.390000343322754
}