{
    "temp_max": 31.719999313354492,
    "temp_min": 22.81999969482422,
    "temp_mitjana": 27.459999084472656
}