{
    "temp_max": 31.56999969482422,
    "temp_min": 19.729999542236328,
    "temp_mitjana": 25.030000686645508
}