{
    "temp_max": 30.1299991607666,
    "temp_min": 15.270000457763672,
    "temp_mitjana": 21.540000915527344
}