{
    "temp_max": 24.469999313354492,
    "temp_min": 15.479999542236328,
    "temp_mitjana": 19.600000381469727
}