{
    "temp_max": 20.780000686645508,
    "temp_min": 5.21999979019165,
    "temp_mitjana": 11.229999542236328
}