{
    "temp_max": 29.229999542236328,
    "temp_min": 15.420000076293945,
    "temp_mitjana": 21.200000762939453
}