{
    "temp_max": 28.8700008392334,
    "temp_min": 17.770000457763672,
    "temp_mitjana": 23.399999618530273
}