{
    "temp_max": 13.170000076293945,
    "temp_min": -1.2200000286102295,
    "temp_mitjana": 6.639999866485596
}