{
    "temp_max": 34.06999969482422,
    "temp_min": 22.3799991607666,
    "temp_mitjana": 27.989999771118164
}