{
    "temp_max": 24.81999969482422,
    "temp_min": 14.670000076293945,
    "temp_mitjana": 19.1299991607666
}