{
    "temp_max": 16.670000076293945,
    "temp_min": 3.119999885559082,
    "temp_mitjana": 9.149999618530273
}