{
    "temp_max": 23.969999313354492,
    "temp_min": 14.569999694824219,
    "temp_mitjana": 19.209999084472656
}