{
    "temp_max": 15.119999885559082,
    "temp_min": 6.079999923706055,
    "temp_mitjana": 10.829999923706055
}