{
    "temp_max": 18.8799991607666,
    "temp_min": 6.78000020980835,
    "temp_mitjana": 12.970000267028809
}