{
    "temp_max": 15.920000076293945,
    "temp_min": 5.869999885559082,
    "temp_mitjana": 10.390000343322754
}