{
    "temp_max": 18.8799991607666,
    "temp_min": 6.78000020980835,
    "temp_mitjana": 12.949999809265137
}