{
    "temp_max": 28.43000030517578,
    "temp_min": 10.569999694824219,
    "temp_mitjana": 16.700000762939453
}