{
    "temp_max": 19.829999923706055,
    "temp_min": 6.679999828338623,
    "temp_mitjana": 14.079999923706055
}