{
    "temp_max": 20.530000686645508,
    "temp_min": 6.730000019073486,
    "temp_mitjana": 12.760000228881836
}