{
    "temp_max": 28.020000457763672,
    "temp_min": 18.020000457763672,
    "temp_mitjana": 22.600000381469727
}