{
    "temp_max": 19.1200008392334,
    "temp_min": 6.679999828338623,
    "temp_mitjana": 14.220000267028809
}