{
    "temp_max": 33.56999969482422,
    "temp_min": 18.6299991607666,
    "temp_mitjana": 27.360000610351562
}