{
    "temp_max": 29.93000030517578,
    "temp_min": 20.520000457763672,
    "temp_mitjana": 24.3700008392334
}