{
    "temp_max": 20.920000076293945,
    "temp_min": 8.880000114440918,
    "temp_mitjana": 14.899999618530273
}