{
    "temp_max": 31.6299991607666,
    "temp_min": 22.81999969482422,
    "temp_mitjana": 27.34000015258789
}