{
    "temp_max": 23.329999923706055,
    "temp_min": 10.529999732971191,
    "temp_mitjana": 15.920000076293945
}