{
    "temp_max": 25.8700008392334,
    "temp_min": 14.029999732971191,
    "temp_mitjana": 19.770000457763672
}