{
    "temp_max": 34.97999954223633,
    "temp_min": 22.170000076293945,
    "temp_mitjana": 28.110000610351562
}