{
    "temp_max": 33.470001220703125,
    "temp_min": 21.43000030517578,
    "temp_mitjana": 27.81999969482422
}