{
    "temp_max": 31.520000457763672,
    "temp_min": 20.8799991607666,
    "temp_mitjana": 27.18000030517578
}