{
    "temp_max": 29.6299991607666,
    "temp_min": 18.270000457763672,
    "temp_mitjana": 23.75
}