{
    "temp_max": 21.420000076293945,
    "temp_min": 11.619999885559082,
    "temp_mitjana": 16.360000610351562
}