{
    "temp_max": 30.1299991607666,
    "temp_min": 18.770000457763672,
    "temp_mitjana": 24.049999237060547
}