{
    "temp_max": 14.869999885559082,
    "temp_min": 2.130000114440918,
    "temp_mitjana": 8.8100004196167
}