{
    "temp_max": 28.969999313354492,
    "temp_min": 16.530000686645508,
    "temp_mitjana": 23.719999313354492
}