{
    "temp_max": 19.670000076293945,
    "temp_min": 4.320000171661377,
    "temp_mitjana": 11.0600004196167
}