{
    "temp_max": 28.329999923706055,
    "temp_min": 17.520000457763672,
    "temp_mitjana": 23.260000228881836
}