{
    "temp_max": 15.720000267028809,
    "temp_min": 7.130000114440918,
    "temp_mitjana": 11.359999656677246
}