{
    "temp_max": 30.280000686645508,
    "temp_min": 19.170000076293945,
    "temp_mitjana": 24.770000457763672
}