{
    "temp_max": 32.630001068115234,
    "temp_min": 22.93000030517578,
    "temp_mitjana": 27.700000762939453
}