{
    "temp_max": 18.56999969482422,
    "temp_min": 2.930000066757202,
    "temp_mitjana": 10.140000343322754
}