{
    "temp_max": 22.219999313354492,
    "temp_min": 12.329999923706055,
    "temp_mitjana": 16.270000457763672
}