{
    "temp_max": 21.06999969482422,
    "temp_min": 2.5299999713897705,
    "temp_mitjana": 13.40999984741211
}