{
    "temp_max": 15.470000267028809,
    "temp_min": 6.070000171661377,
    "temp_mitjana": 10.25
}