{
    "temp_max": 23.170000076293945,
    "temp_min": 14.180000305175781,
    "temp_mitjana": 18.899999618530273
}