{
    "temp_max": 15.119999885559082,
    "temp_min": 3.7799999713897705,
    "temp_mitjana": 9.829999923706055
}