{
    "temp_max": 24.020000457763672,
    "temp_min": 11.779999732971191,
    "temp_mitjana": 18.860000610351562
}