{
    "temp_max": 16.920000076293945,
    "temp_min": 6.420000076293945,
    "temp_mitjana": 11.09000015258789
}