{
    "temp_max": 19.3700008392334,
    "temp_min": 7.03000020980835,
    "temp_mitjana": 12.529999732971191
}