{
    "temp_max": 18.3700008392334,
    "temp_min": 8.149999618530273,
    "temp_mitjana": 12.989999771118164
}