{
    "temp_max": 21.1299991607666,
    "temp_min": 3.380000114440918,
    "temp_mitjana": 12.510000228881836
}