{
    "temp_max": 36.529998779296875,
    "temp_min": 20.56999969482422,
    "temp_mitjana": 26.670000076293945
}