{
    "temp_max": 36.779998779296875,
    "temp_min": 20.920000076293945,
    "temp_mitjana": 27.950000762939453
}