{
    "temp_max": 19.469999313354492,
    "temp_min": 8.420000076293945,
    "temp_mitjana": 12.680000305175781
}