{
    "temp_max": 28.8799991607666,
    "temp_min": 17.93000030517578,
    "temp_mitjana": 23.690000534057617
}