{
    "temp_max": 20.920000076293945,
    "temp_min": 7.28000020980835,
    "temp_mitjana": 13.3100004196167
}