{
    "temp_max": 23.079999923706055,
    "temp_min": 13.069999694824219,
    "temp_mitjana": 18.09000015258789
}