{
    "temp_max": 19.6200008392334,
    "temp_min": 2.440000057220459,
    "temp_mitjana": 12.930000305175781
}