{
    "temp_max": 34.52000045776367,
    "temp_min": 22.18000030517578,
    "temp_mitjana": 28.229999542236328
}