{
    "temp_max": 28.479999542236328,
    "temp_min": 18.020000457763672,
    "temp_mitjana": 22.920000076293945
}