{
    "temp_max": 30.6200008392334,
    "temp_min": 22.030000686645508,
    "temp_mitjana": 26.34000015258789
}