{
    "temp_max": 29.06999969482422,
    "temp_min": 18.06999969482422,
    "temp_mitjana": 22.81999969482422
}