{
    "temp_max": 26.469999313354492,
    "temp_min": 13.630000114440918,
    "temp_mitjana": 19.270000457763672
}