{
    "temp_max": 16.3799991607666,
    "temp_min": 2.319999933242798,
    "temp_mitjana": 7.940000057220459
}