{
    "temp_max": 31.68000030517578,
    "temp_min": 20.31999969482422,
    "temp_mitjana": 26.040000915527344
}