{
    "temp_max": 21.280000686645508,
    "temp_min": 8.770000457763672,
    "temp_mitjana": 15.0600004196167
}