{
    "temp_max": 29.81999969482422,
    "temp_min": 17.469999313354492,
    "temp_mitjana": 24.059999465942383
}