{
    "temp_max": 35.68000030517578,
    "temp_min": 22.6200008392334,
    "temp_mitjana": 28.049999237060547
}