{
    "temp_max": 29.6200008392334,
    "temp_min": 20.469999313354492,
    "temp_mitjana": 24.770000457763672
}