{
    "temp_max": 29.93000030517578,
    "temp_min": 21.6299991607666,
    "temp_mitjana": 25.350000381469727
}