{
    "temp_max": 34.68000030517578,
    "temp_min": 20.219999313354492,
    "temp_mitjana": 26.829999923706055
}