{
    "temp_max": 13.569999694824219,
    "temp_min": -0.7200000286102295,
    "temp_mitjana": 7.369999885559082
}