{
    "temp_max": 26.280000686645508,
    "temp_min": 13.670000076293945,
    "temp_mitjana": 19.309999465942383
}