{
    "temp_max": 32.16999816894531,
    "temp_min": 21.8799991607666,
    "temp_mitjana": 26.739999771118164
}