{
    "temp_max": 31.1299991607666,
    "temp_min": 18.420000076293945,
    "temp_mitjana": 24.239999771118164
}