{
    "temp_max": 20.719999313354492,
    "temp_min": 7.630000114440918,
    "temp_mitjana": 14.770000457763672
}