{
    "temp_max": 32.779998779296875,
    "temp_min": 21.93000030517578,
    "temp_mitjana": 27.459999084472656
}