{
    "temp_max": 20.270000457763672,
    "temp_min": 7.380000114440918,
    "temp_mitjana": 12.720000267028809
}