{
    "temp_max": 32.77000045776367,
    "temp_min": 21.479999542236328,
    "temp_mitjana": 27.600000381469727
}