{
    "temp_max": 30.969999313354492,
    "temp_min": 22.020000457763672,
    "temp_mitjana": 26.489999771118164
}