{
    "temp_max": 19.469999313354492,
    "temp_min": 1.4800000190734863,
    "temp_mitjana": 10.729999542236328
}