{
    "temp_max": 27.920000076293945,
    "temp_min": 12.880000114440918,
    "temp_mitjana": 19.1299991607666
}