{
    "temp_max": 15.069999694824219,
    "temp_min": 3.7799999713897705,
    "temp_mitjana": 10.149999618530273
}