{
    "temp_max": 19.06999969482422,
    "temp_min": 7.079999923706055,
    "temp_mitjana": 12.8100004196167
}