{
    "temp_max": 28.3700008392334,
    "temp_min": 18.3700008392334,
    "temp_mitjana": 22.950000762939453
}