{
    "temp_max": 32.470001220703125,
    "temp_min": 21.8700008392334,
    "temp_mitjana": 26.420000076293945
}