{
    "temp_max": 35.72999954223633,
    "temp_min": 22.06999969482422,
    "temp_mitjana": 28.010000228881836
}