{
    "temp_max": 31.670000076293945,
    "temp_min": 20.8799991607666,
    "temp_mitjana": 27.190000534057617
}