{
    "temp_max": 21.280000686645508,
    "temp_min": 8.670000076293945,
    "temp_mitjana": 15.079999923706055
}