{
    "temp_max": 30.280000686645508,
    "temp_min": 16.420000076293945,
    "temp_mitjana": 22.31999969482422
}