{
    "temp_max": 26.270000457763672,
    "temp_min": 9.279999732971191,
    "temp_mitjana": 16.799999237060547
}