{
    "temp_max": 19.829999923706055,
    "temp_min": 7.519999980926514,
    "temp_mitjana": 13.550000190734863
}