{
    "temp_max": 27.469999313354492,
    "temp_min": 17.969999313354492,
    "temp_mitjana": 22.729999542236328
}