{
    "temp_max": 22.8700008392334,
    "temp_min": 12.130000114440918,
    "temp_mitjana": 18.290000915527344
}