{
    "temp_max": 29.670000076293945,
    "temp_min": 18.969999313354492,
    "temp_mitjana": 23.5
}