{
    "temp_max": 26.770000457763672,
    "temp_min": 13.770000457763672,
    "temp_mitjana": 20.200000762939453
}