{
    "temp_max": 34.91999816894531,
    "temp_min": 23.3700008392334,
    "temp_mitjana": 28.6299991607666
}