{
    "temp_max": 19.6200008392334,
    "temp_min": 6.21999979019165,
    "temp_mitjana": 11.630000114440918
}