{
    "temp_max": 26.1200008392334,
    "temp_min": 16.75,
    "temp_mitjana": 21.59000015258789
}