{
    "temp_max": 31.43000030517578,
    "temp_min": 20.020000457763672,
    "temp_mitjana": 25.81999969482422
}