{
    "temp_max": 20.829999923706055,
    "temp_min": 4.130000114440918,
    "temp_mitjana": 12.600000381469727
}