{
    "temp_max": 26.670000076293945,
    "temp_min": 12.729999542236328,
    "temp_mitjana": 19.950000762939453
}