{
    "temp_max": 32.880001068115234,
    "temp_min": 19.770000457763672,
    "temp_mitjana": 25.25
}