{
    "temp_max": 30.979999542236328,
    "temp_min": 20.719999313354492,
    "temp_mitjana": 25.770000457763672
}