{
    "temp_max": 30.270000457763672,
    "temp_min": 17.56999969482422,
    "temp_mitjana": 23.829999923706055
}