{
    "temp_max": 25.979999542236328,
    "temp_min": 14.920000076293945,
    "temp_mitjana": 19.90999984741211
}