{
    "temp_max": 22.229999542236328,
    "temp_min": 6.670000076293945,
    "temp_mitjana": 13.100000381469727
}