{
    "temp_max": 21.520000457763672,
    "temp_min": 10.180000305175781,
    "temp_mitjana": 15.899999618530273
}