{
    "temp_max": 13.020000457763672,
    "temp_min": 2.380000114440918,
    "temp_mitjana": 9.0
}