{
    "temp_max": 19.020000457763672,
    "temp_min": 7.820000171661377,
    "temp_mitjana": 12.300000190734863
}