{
    "temp_max": 18.280000686645508,
    "temp_min": 7.570000171661377,
    "temp_mitjana": 12.59000015258789
}