{
    "temp_max": 29.31999969482422,
    "temp_min": 18.079999923706055,
    "temp_mitjana": 23.389999389648438
}