{
    "temp_max": 19.280000686645508,
    "temp_min": 6.329999923706055,
    "temp_mitjana": 14.630000114440918
}