{
    "temp_max": 24.170000076293945,
    "temp_min": 7.230000019073486,
    "temp_mitjana": 15.609999656677246
}