{
    "temp_max": 36.72999954223633,
    "temp_min": 21.670000076293945,
    "temp_mitjana": 27.489999771118164
}