{
    "temp_max": 34.52000045776367,
    "temp_min": 21.229999542236328,
    "temp_mitjana": 28.3799991607666
}