{
    "temp_max": 17.56999969482422,
    "temp_min": 5.429999828338623,
    "temp_mitjana": 11.15999984741211
}