{
    "temp_max": 33.52000045776367,
    "temp_min": 22.6200008392334,
    "temp_mitjana": 27.93000030517578
}