{
    "temp_max": 27.479999542236328,
    "temp_min": 12.720000267028809,
    "temp_mitjana": 19.829999923706055
}