{
    "temp_max": 22.81999969482422,
    "temp_min": 14.020000457763672,
    "temp_mitjana": 18.549999237060547
}