{
    "temp_max": 29.1299991607666,
    "temp_min": 14.670000076293945,
    "temp_mitjana": 20.530000686645508
}