{
    "temp_max": 17.1200008392334,
    "temp_min": 6.429999828338623,
    "temp_mitjana": 12.880000114440918
}