{
    "temp_max": 21.56999969482422,
    "temp_min": 14.020000457763672,
    "temp_mitjana": 17.920000076293945
}