{
    "temp_max": 14.420000076293945,
    "temp_min": 3.7799999713897705,
    "temp_mitjana": 10.800000190734863
}