{
    "temp_max": 32.22999954223633,
    "temp_min": 18.670000076293945,
    "temp_mitjana": 24.350000381469727
}