{
    "temp_max": 32.130001068115234,
    "temp_min": 20.6200008392334,
    "temp_mitjana": 25.469999313354492
}