{
    "temp_max": 28.56999969482422,
    "temp_min": 18.3700008392334,
    "temp_mitjana": 23.520000457763672
}