{
    "temp_max": 36.52000045776367,
    "temp_min": 19.979999542236328,
    "temp_mitjana": 27.469999313354492
}