{
    "temp_max": 28.06999969482422,
    "temp_min": 17.979999542236328,
    "temp_mitjana": 23.420000076293945
}