{
    "temp_max": 31.729999542236328,
    "temp_min": 20.780000686645508,
    "temp_mitjana": 25.170000076293945
}