{
    "temp_max": 18.719999313354492,
    "temp_min": 6.880000114440918,
    "temp_mitjana": 11.880000114440918
}