{
    "temp_max": 32.77000045776367,
    "temp_min": 22.780000686645508,
    "temp_mitjana": 27.299999237060547
}