{
    "temp_max": 33.27000045776367,
    "temp_min": 22.1299991607666,
    "temp_mitjana": 27.829999923706055
}