{
    "temp_max": 35.43000030517578,
    "temp_min": 21.68000030517578,
    "temp_mitjana": 28.040000915527344
}