{
    "temp_max": 30.68000030517578,
    "temp_min": 18.31999969482422,
    "temp_mitjana": 23.850000381469727
}