{
    "temp_max": 15.220000267028809,
    "temp_min": 2.3299999237060547,
    "temp_mitjana": 8.890000343322754
}