{
    "temp_max": 14.470000267028809,
    "temp_min": 0.8299999833106995,
    "temp_mitjana": 8.670000076293945
}