{
    "temp_max": 31.6299991607666,
    "temp_min": 20.719999313354492,
    "temp_mitjana": 25.40999984741211
}