{
    "temp_max": 22.1200008392334,
    "temp_min": 13.329999923706055,
    "temp_mitjana": 17.549999237060547
}