{
    "temp_max": 31.969999313354492,
    "temp_min": 19.770000457763672,
    "temp_mitjana": 24.81999969482422
}