{
    "temp_max": 14.920000076293945,
    "temp_min": 5.03000020980835,
    "temp_mitjana": 9.8100004196167
}