{
    "temp_max": 32.720001220703125,
    "temp_min": 22.670000076293945,
    "temp_mitjana": 27.219999313354492
}