{
    "temp_max": 33.08000183105469,
    "temp_min": 19.56999969482422,
    "temp_mitjana": 25.40999984741211
}