{
    "temp_max": 27.229999542236328,
    "temp_min": 17.93000030517578,
    "temp_mitjana": 21.950000762939453
}