{
    "temp_max": 26.56999969482422,
    "temp_min": 13.529999732971191,
    "temp_mitjana": 20.059999465942383
}