{
    "temp_max": 23.770000457763672,
    "temp_min": 7.079999923706055,
    "temp_mitjana": 15.930000305175781
}