{
    "temp_max": 16.719999313354492,
    "temp_min": 1.4299999475479126,
    "temp_mitjana": 9.020000457763672
}