{
    "temp_max": 19.770000457763672,
    "temp_min": 5.28000020980835,
    "temp_mitjana": 11.59000015258789
}