{
    "temp_max": 27.030000686645508,
    "temp_min": 15.020000457763672,
    "temp_mitjana": 20.1200008392334
}