{
    "temp_max": 34.66999816894531,
    "temp_min": 21.469999313354492,
    "temp_mitjana": 27.329999923706055
}