{
    "temp_max": 22.420000076293945,
    "temp_min": 13.069999694824219,
    "temp_mitjana": 18.18000030517578
}