{
    "temp_max": 18.68000030517578,
    "temp_min": 3.8299999237060547,
    "temp_mitjana": 10.0
}