{
    "temp_max": 24.1299991607666,
    "temp_min": 12.970000267028809,
    "temp_mitjana": 18.860000610351562
}