{
    "temp_max": 29.81999969482422,
    "temp_min": 15.079999923706055,
    "temp_mitjana": 20.8799991607666
}