{
    "temp_max": 29.56999969482422,
    "temp_min": 19.81999969482422,
    "temp_mitjana": 24.010000228881836
}