{
    "temp_max": 16.969999313354492,
    "temp_min": 5.03000020980835,
    "temp_mitjana": 11.239999771118164
}