{
    "temp_max": 26.770000457763672,
    "temp_min": 16.969999313354492,
    "temp_mitjana": 21.40999984741211
}