{
    "temp_max": 15.420000076293945,
    "temp_min": 4.829999923706055,
    "temp_mitjana": 9.210000038146973
}