{
    "temp_max": 25.670000076293945,
    "temp_min": 11.880000114440918,
    "temp_mitjana": 19.90999984741211
}