{
    "temp_max": 20.06999969482422,
    "temp_min": 8.970000267028809,
    "temp_mitjana": 14.430000305175781
}