{
    "temp_max": 20.1299991607666,
    "temp_min": 7.769999980926514,
    "temp_mitjana": 13.270000457763672
}