{
    "temp_max": 14.670000076293945,
    "temp_min": 2.7300000190734863,
    "temp_mitjana": 10.210000038146973
}