{
    "temp_max": 22.8799991607666,
    "temp_min": 5.869999885559082,
    "temp_mitjana": 12.920000076293945
}