{
    "temp_max": 33.029998779296875,
    "temp_min": 22.18000030517578,
    "temp_mitjana": 27.200000762939453
}