{
    "temp_max": 29.8799991607666,
    "temp_min": 18.6200008392334,
    "temp_mitjana": 23.790000915527344
}