{
    "temp_max": 34.529998779296875,
    "temp_min": 21.31999969482422,
    "temp_mitjana": 27.239999771118164
}