{
    "temp_max": 20.920000076293945,
    "temp_min": 2.5299999713897705,
    "temp_mitjana": 13.470000267028809
}