{
    "temp_max": 23.829999923706055,
    "temp_min": 10.520000457763672,
    "temp_mitjana": 16.639999389648438
}