{
    "temp_max": 24.020000457763672,
    "temp_min": 13.069999694824219,
    "temp_mitjana": 19.559999465942383
}