{
    "temp_max": 32.029998779296875,
    "temp_min": 19.829999923706055,
    "temp_mitjana": 26.010000228881836
}