{
    "temp_max": 31.81999969482422,
    "temp_min": 21.3799991607666,
    "temp_mitjana": 27.399999618530273
}