{
    "temp_max": 16.329999923706055,
    "temp_min": 1.6200000047683716,
    "temp_mitjana": 8.779999732971191
}