{
    "temp_max": 13.829999923706055,
    "temp_min": 3.9800000190734863,
    "temp_mitjana": 9.170000076293945
}