{
    "temp_max": 19.8700008392334,
    "temp_min": 5.28000020980835,
    "temp_mitjana": 11.510000228881836
}