{
    "temp_max": 31.1200008392334,
    "temp_min": 18.979999542236328,
    "temp_mitjana": 24.559999465942383
}