{
    "temp_max": 27.979999542236328,
    "temp_min": 13.069999694824219,
    "temp_mitjana": 18.559999465942383
}