{
    "temp_max": 25.43000030517578,
    "temp_min": 15.319999694824219,
    "temp_mitjana": 19.600000381469727
}