{
    "temp_max": 27.31999969482422,
    "temp_min": 17.3700008392334,
    "temp_mitjana": 22.229999542236328
}