{
    "temp_max": 16.979999542236328,
    "temp_min": 6.079999923706055,
    "temp_mitjana": 10.739999771118164
}