{
    "temp_max": 32.68000030517578,
    "temp_min": 22.770000457763672,
    "temp_mitjana": 27.469999313354492
}