{
    "temp_max": 19.3799991607666,
    "temp_min": 6.119999885559082,
    "temp_mitjana": 11.25
}