{
    "temp_max": 28.079999923706055,
    "temp_min": 18.170000076293945,
    "temp_mitjana": 22.200000762939453
}