{
    "temp_max": 26.6200008392334,
    "temp_min": 17.829999923706055,
    "temp_mitjana": 22.010000228881836
}