{
    "temp_max": 32.16999816894531,
    "temp_min": 20.420000076293945,
    "temp_mitjana": 25.3799991607666
}