{
    "temp_max": 16.68000030517578,
    "temp_min": 4.380000114440918,
    "temp_mitjana": 11.180000305175781
}