{
    "temp_max": 35.970001220703125,
    "temp_min": 19.469999313354492,
    "temp_mitjana": 25.790000915527344
}