{
    "temp_max": 33.72999954223633,
    "temp_min": 17.280000686645508,
    "temp_mitjana": 22.979999542236328
}