{
    "temp_max": 21.420000076293945,
    "temp_min": 12.180000305175781,
    "temp_mitjana": 17.399999618530273
}