{
    "temp_max": 15.569999694824219,
    "temp_min": 3.7300000190734863,
    "temp_mitjana": 10.40999984741211
}