{
    "temp_max": 17.3799991607666,
    "temp_min": 3.369999885559082,
    "temp_mitjana": 9.710000038146973
}