{
    "temp_max": 30.670000076293945,
    "temp_min": 19.530000686645508,
    "temp_mitjana": 25.299999237060547
}