{
    "temp_max": 31.520000457763672,
    "temp_min": 21.93000030517578,
    "temp_mitjana": 27.100000381469727
}