{
    "temp_max": 19.6200008392334,
    "temp_min": 6.670000076293945,
    "temp_mitjana": 12.779999732971191
}