{
    "temp_max": 33.83000183105469,
    "temp_min": 17.6200008392334,
    "temp_mitjana": 23.790000915527344
}