{
    "temp_max": 30.1299991607666,
    "temp_min": 18.229999542236328,
    "temp_mitjana": 24.059999465942383
}