{
    "temp_max": 14.380000114440918,
    "temp_min": 6.820000171661377,
    "temp_mitjana": 10.899999618530273
}