{
    "temp_max": 14.779999732971191,
    "temp_min": 5.369999885559082,
    "temp_mitjana": 9.930000305175781
}