{
    "temp_max": 21.219999313354492,
    "temp_min": 4.429999828338623,
    "temp_mitjana": 13.579999923706055
}