{
    "temp_max": 21.280000686645508,
    "temp_min": 12.779999732971191,
    "temp_mitjana": 16.860000610351562
}