{
    "temp_max": 16.920000076293945,
    "temp_min": 6.230000019073486,
    "temp_mitjana": 12.84000015258789
}