{
    "temp_max": 34.220001220703125,
    "temp_min": 23.3700008392334,
    "temp_mitjana": 28.329999923706055
}