{
    "temp_max": 17.670000076293945,
    "temp_min": 6.46999979019165,
    "temp_mitjana": 11.390000343322754
}