{
    "temp_max": 15.930000305175781,
    "temp_min": 6.170000076293945,
    "temp_mitjana": 10.739999771118164
}