{
    "temp_max": 15.819999694824219,
    "temp_min": 8.319999694824219,
    "temp_mitjana": 12.15999984741211
}