{
    "temp_max": 31.93000030517578,
    "temp_min": 18.020000457763672,
    "temp_mitjana": 22.959999084472656
}