{
    "temp_max": 32.47999954223633,
    "temp_min": 22.81999969482422,
    "temp_mitjana": 27.09000015258789
}