{
    "temp_max": 23.030000686645508,
    "temp_min": 9.729999542236328,
    "temp_mitjana": 17.530000686645508
}