{
    "temp_max": 33.47999954223633,
    "temp_min": 20.31999969482422,
    "temp_mitjana": 25.540000915527344
}