{
    "temp_max": 15.569999694824219,
    "temp_min": 1.2799999713897705,
    "temp_mitjana": 8.789999961853027
}