{
    "temp_max": 30.68000030517578,
    "temp_min": 18.280000686645508,
    "temp_mitjana": 23.959999084472656
}