{
    "temp_max": 30.3700008392334,
    "temp_min": 18.579999923706055,
    "temp_mitjana": 24.420000076293945
}