{
    "temp_max": 16.8700008392334,
    "temp_min": 4.78000020980835,
    "temp_mitjana": 10.59000015258789
}