{
    "temp_max": 17.020000457763672,
    "temp_min": 1.4299999475479126,
    "temp_mitjana": 9.0600004196167
}