{
    "temp_max": 24.219999313354492,
    "temp_min": 10.130000114440918,
    "temp_mitjana": 16.84000015258789
}