{
    "temp_max": 22.969999313354492,
    "temp_min": 9.680000305175781,
    "temp_mitjana": 17.510000228881836
}