{
    "temp_max": 18.670000076293945,
    "temp_min": 6.829999923706055,
    "temp_mitjana": 12.119999885559082
}