{
    "temp_max": 19.8700008392334,
    "temp_min": 6.03000020980835,
    "temp_mitjana": 11.630000114440918
}