{
    "temp_max": 23.079999923706055,
    "temp_min": 11.270000457763672,
    "temp_mitjana": 16.690000534057617
}