{
    "temp_max": 15.869999885559082,
    "temp_min": 8.270000457763672,
    "temp_mitjana": 13.4399995803833
}