{
    "temp_max": 16.719999313354492,
    "temp_min": 2.630000114440918,
    "temp_mitjana": 9.149999618530273
}