{
    "temp_max": 25.1299991607666,
    "temp_min": 13.069999694824219,
    "temp_mitjana": 18.8700008392334
}