{
    "temp_max": 23.1200008392334,
    "temp_min": 12.279999732971191,
    "temp_mitjana": 18.719999313354492
}