{
    "temp_max": 34.619998931884766,
    "temp_min": 21.530000686645508,
    "temp_mitjana": 27.540000915527344
}