{
    "temp_max": 27.030000686645508,
    "temp_min": 14.470000267028809,
    "temp_mitjana": 20.489999771118164
}