{
    "temp_max": 30.43000030517578,
    "temp_min": 18.469999313354492,
    "temp_mitjana": 24.420000076293945
}