{
    "temp_max": 14.779999732971191,
    "temp_min": 4.03000020980835,
    "temp_mitjana": 10.289999961853027
}