{
    "temp_max": 34.16999816894531,
    "temp_min": 22.18000030517578,
    "temp_mitjana": 28.190000534057617
}