{
    "temp_max": 29.670000076293945,
    "temp_min": 18.3799991607666,
    "temp_mitjana": 23.65999984741211
}