{
    "temp_max": 26.219999313354492,
    "temp_min": 13.229999542236328,
    "temp_mitjana": 20.100000381469727
}