{
    "temp_max": 33.869998931884766,
    "temp_min": 21.829999923706055,
    "temp_mitjana": 27.65999984741211
}