{
    "temp_max": 23.020000457763672,
    "temp_min": 8.130000114440918,
    "temp_mitjana": 15.84000015258789
}