{
    "temp_max": 16.520000457763672,
    "temp_min": 3.930000066757202,
    "temp_mitjana": 9.390000343322754
}