{
    "temp_max": 28.969999313354492,
    "temp_min": 13.930000305175781,
    "temp_mitjana": 23.579999923706055
}