{
    "temp_max": 23.770000457763672,
    "temp_min": 11.079999923706055,
    "temp_mitjana": 16.899999618530273
}