{
    "temp_max": 22.030000686645508,
    "temp_min": 8.920000076293945,
    "temp_mitjana": 14.949999809265137
}