{
    "temp_max": 28.170000076293945,
    "temp_min": 7.579999923706055,
    "temp_mitjana": 17.84000015258789
}