{
    "temp_max": 28.1200008392334,
    "temp_min": 19.3700008392334,
    "temp_mitjana": 23.459999084472656
}