{
    "temp_max": 28.729999542236328,
    "temp_min": 15.270000457763672,
    "temp_mitjana": 21.489999771118164
}