{
    "temp_max": 15.180000305175781,
    "temp_min": 8.479999542236328,
    "temp_mitjana": 12.100000381469727
}