{
    "temp_max": 21.020000457763672,
    "temp_min": 7.929999828338623,
    "temp_mitjana": 15.100000381469727
}