{
    "temp_max": 28.170000076293945,
    "temp_min": 17.969999313354492,
    "temp_mitjana": 22.8799991607666
}