{
    "temp_max": 24.219999313354492,
    "temp_min": 12.220000267028809,
    "temp_mitjana": 17.610000610351562
}