{
    "temp_max": 16.979999542236328,
    "temp_min": 5.820000171661377,
    "temp_mitjana": 10.130000114440918
}