{
    "temp_max": 21.229999542236328,
    "temp_min": 9.520000457763672,
    "temp_mitjana": 14.3100004196167
}