{
    "temp_max": 20.219999313354492,
    "temp_min": 6.619999885559082,
    "temp_mitjana": 13.699999809265137
}