{
    "temp_max": 24.229999542236328,
    "temp_min": 9.369999885559082,
    "temp_mitjana": 17.049999237060547
}