{
    "temp_max": 31.93000030517578,
    "temp_min": 19.719999313354492,
    "temp_mitjana": 25.329999923706055
}