{
    "temp_max": 26.520000457763672,
    "temp_min": 17.31999969482422,
    "temp_mitjana": 22.270000457763672
}