{
    "temp_max": 23.469999313354492,
    "temp_min": 12.279999732971191,
    "temp_mitjana": 18.610000610351562
}