{
    "temp_max": 14.970000267028809,
    "temp_min": 3.7799999713897705,
    "temp_mitjana": 10.079999923706055
}