{
    "temp_max": 31.280000686645508,
    "temp_min": 19.670000076293945,
    "temp_mitjana": 26.100000381469727
}