{
    "temp_max": 19.670000076293945,
    "temp_min": 5.320000171661377,
    "temp_mitjana": 11.100000381469727
}