{
    "temp_max": 29.8700008392334,
    "temp_min": 20.079999923706055,
    "temp_mitjana": 24.829999923706055
}