{
    "temp_max": 18.170000076293945,
    "temp_min": 5.130000114440918,
    "temp_mitjana": 11.979999542236328
}