{
    "temp_max": 29.3700008392334,
    "temp_min": 10.430000305175781,
    "temp_mitjana": 19.459999084472656
}