{
    "temp_max": 22.3700008392334,
    "temp_min": 13.420000076293945,
    "temp_mitjana": 18.270000457763672
}