{
    "temp_max": 33.02000045776367,
    "temp_min": 22.780000686645508,
    "temp_mitjana": 27.270000457763672
}