{
    "temp_max": 30.520000457763672,
    "temp_min": 19.479999542236328,
    "temp_mitjana": 23.610000610351562
}