{
    "temp_max": 24.56999969482422,
    "temp_min": 11.130000114440918,
    "temp_mitjana": 16.8799991607666
}