{
    "temp_max": 33.83000183105469,
    "temp_min": 21.969999313354492,
    "temp_mitjana": 27.450000762939453
}