{
    "temp_max": 18.1200008392334,
    "temp_min": 3.4800000190734863,
    "temp_mitjana": 11.829999923706055
}