{
    "temp_max": 29.780000686645508,
    "temp_min": 20.420000076293945,
    "temp_mitjana": 25.09000015258789
}