{
    "temp_max": 18.3700008392334,
    "temp_min": 1.4299999475479126,
    "temp_mitjana": 9.8100004196167
}