{
    "temp_max": 35.66999816894531,
    "temp_min": 22.670000076293945,
    "temp_mitjana": 27.209999084472656
}