{
    "temp_max": 27.969999313354492,
    "temp_min": 16.81999969482422,
    "temp_mitjana": 22.139999389648438
}