{
    "temp_max": 32.630001068115234,
    "temp_min": 21.270000457763672,
    "temp_mitjana": 26.809999465942383
}