{
    "temp_max": 30.56999969482422,
    "temp_min": 18.770000457763672,
    "temp_mitjana": 24.270000457763672
}