{
    "temp_max": 16.8700008392334,
    "temp_min": 3.0299999713897705,
    "temp_mitjana": 9.050000190734863
}