{
    "temp_max": 26.1299991607666,
    "temp_min": 11.170000076293945,
    "temp_mitjana": 17.579999923706055
}