{
    "temp_max": 15.970000267028809,
    "temp_min": 8.369999885559082,
    "temp_mitjana": 12.0600004196167
}