{
    "temp_max": 27.280000686645508,
    "temp_min": 18.270000457763672,
    "temp_mitjana": 22.489999771118164
}