{
    "temp_max": 34.68000030517578,
    "temp_min": 21.520000457763672,
    "temp_mitjana": 27.389999389648438
}