{
    "temp_max": 20.520000457763672,
    "temp_min": 7.230000019073486,
    "temp_mitjana": 14.760000228881836
}