{
    "temp_max": 21.93000030517578,
    "temp_min": 6.519999980926514,
    "temp_mitjana": 13.720000267028809
}