{
    "temp_max": 33.970001220703125,
    "temp_min": 22.1299991607666,
    "temp_mitjana": 28.059999465942383
}