{
    "temp_max": 30.270000457763672,
    "temp_min": 20.1200008392334,
    "temp_mitjana": 24.209999084472656
}