{
    "temp_max": 33.52000045776367,
    "temp_min": 18.6299991607666,
    "temp_mitjana": 27.030000686645508
}