{
    "temp_max": 25.979999542236328,
    "temp_min": 16.270000457763672,
    "temp_mitjana": 20.420000076293945
}