{
    "temp_max": 28.079999923706055,
    "temp_min": 15.520000457763672,
    "temp_mitjana": 21.100000381469727
}