{
    "temp_max": 16.6299991607666,
    "temp_min": 2.1700000762939453,
    "temp_mitjana": 8.270000457763672
}