{
    "temp_max": 16.219999313354492,
    "temp_min": 6.230000019073486,
    "temp_mitjana": 10.619999885559082
}