{
    "temp_max": 26.219999313354492,
    "temp_min": 11.880000114440918,
    "temp_mitjana": 19.75
}