{
    "temp_max": 23.93000030517578,
    "temp_min": 8.430000305175781,
    "temp_mitjana": 15.989999771118164
}