{
    "temp_max": 36.619998931884766,
    "temp_min": 22.770000457763672,
    "temp_mitjana": 28.8799991607666
}