{
    "temp_max": 19.670000076293945,
    "temp_min": 5.28000020980835,
    "temp_mitjana": 11.3100004196167
}