{
    "temp_max": 22.280000686645508,
    "temp_min": 13.520000457763672,
    "temp_mitjana": 17.0
}