{
    "temp_max": 25.93000030517578,
    "temp_min": 12.720000267028809,
    "temp_mitjana": 19.579999923706055
}