{
    "temp_max": 28.420000076293945,
    "temp_min": 17.56999969482422,
    "temp_mitjana": 23.1299991607666
}