{
    "temp_max": 29.979999542236328,
    "temp_min": 18.280000686645508,
    "temp_mitjana": 23.639999389648438
}