{
    "temp_max": 14.869999885559082,
    "temp_min": 4.980000019073486,
    "temp_mitjana": 8.75
}