{
    "temp_max": 14.380000114440918,
    "temp_min": 6.96999979019165,
    "temp_mitjana": 10.770000457763672
}