{
    "temp_max": 24.219999313354492,
    "temp_min": 6.329999923706055,
    "temp_mitjana": 15.260000228881836
}