{
    "temp_max": 26.530000686645508,
    "temp_min": 12.229999542236328,
    "temp_mitjana": 20.079999923706055
}