{
    "temp_max": 23.079999923706055,
    "temp_min": 10.619999885559082,
    "temp_mitjana": 16.31999969482422
}