{
    "temp_max": 29.280000686645508,
    "temp_min": 18.770000457763672,
    "temp_mitjana": 23.93000030517578
}