{
    "temp_max": 32.029998779296875,
    "temp_min": 20.31999969482422,
    "temp_mitjana": 25.219999313354492
}