{
    "temp_max": 29.829999923706055,
    "temp_min": 14.720000267028809,
    "temp_mitjana": 22.059999465942383
}