{
    "temp_max": 31.8700008392334,
    "temp_min": 22.780000686645508,
    "temp_mitjana": 27.239999771118164
}