{
    "temp_max": 12.770000457763672,
    "temp_min": -0.11999999731779099,
    "temp_mitjana": 7.309999942779541
}