{
    "temp_max": 23.420000076293945,
    "temp_min": 10.869999885559082,
    "temp_mitjana": 16.889999389648438
}