{
    "temp_max": 33.66999816894531,
    "temp_min": 20.81999969482422,
    "temp_mitjana": 26.780000686645508
}