{
    "temp_max": 24.170000076293945,
    "temp_min": 10.119999885559082,
    "temp_mitjana": 16.200000762939453
}