{
    "temp_max": 26.270000457763672,
    "temp_min": 9.930000305175781,
    "temp_mitjana": 16.860000610351562
}