{
    "temp_max": 14.319999694824219,
    "temp_min": 2.7300000190734863,
    "temp_mitjana": 10.460000038146973
}