{
    "temp_max": 22.43000030517578,
    "temp_min": 6.880000114440918,
    "temp_mitjana": 13.010000228881836
}