{
    "temp_max": 28.6299991607666,
    "temp_min": 17.229999542236328,
    "temp_mitjana": 22.59000015258789
}