{
    "temp_max": 17.920000076293945,
    "temp_min": 5.730000019073486,
    "temp_mitjana": 12.140000343322754
}