{
    "temp_max": 27.969999313354492,
    "temp_min": 18.1299991607666,
    "temp_mitjana": 22.6200008392334
}