{
    "temp_max": 15.869999885559082,
    "temp_min": 6.730000019073486,
    "temp_mitjana": 11.989999771118164
}