{
    "temp_max": 26.31999969482422,
    "temp_min": 11.079999923706055,
    "temp_mitjana": 18.170000076293945
}