{
    "temp_max": 32.08000183105469,
    "temp_min": 20.030000686645508,
    "temp_mitjana": 26.040000915527344
}