{
    "temp_max": 24.170000076293945,
    "temp_min": 13.770000457763672,
    "temp_mitjana": 18.93000030517578
}