{
    "temp_max": 17.420000076293945,
    "temp_min": 2.7799999713897705,
    "temp_mitjana": 11.859999656677246
}