{
    "temp_max": 28.31999969482422,
    "temp_min": 16.530000686645508,
    "temp_mitjana": 22.6299991607666
}