{
    "temp_max": 15.319999694824219,
    "temp_min": 4.03000020980835,
    "temp_mitjana": 10.109999656677246
}