{
    "temp_max": 17.579999923706055,
    "temp_min": 8.270000457763672,
    "temp_mitjana": 13.600000381469727
}