{
    "temp_max": 31.43000030517578,
    "temp_min": 17.6200008392334,
    "temp_mitjana": 24.440000534057617
}