{
    "temp_max": 33.47999954223633,
    "temp_min": 20.020000457763672,
    "temp_mitjana": 25.6200008392334
}