{
    "temp_max": 22.18000030517578,
    "temp_min": 9.630000114440918,
    "temp_mitjana": 17.0
}