{
    "temp_max": 34.93000030517578,
    "temp_min": 21.979999542236328,
    "temp_mitjana": 28.190000534057617
}