{
    "temp_max": 20.770000457763672,
    "temp_min": 8.880000114440918,
    "temp_mitjana": 15.470000267028809
}