{
    "temp_max": 16.920000076293945,
    "temp_min": 6.429999828338623,
    "temp_mitjana": 12.779999732971191
}