{
    "temp_max": 37.16999816894531,
    "temp_min": 21.43000030517578,
    "temp_mitjana": 28.030000686645508
}