{
    "temp_max": 24.229999542236328,
    "temp_min": 12.180000305175781,
    "temp_mitjana": 17.770000457763672
}