{
    "temp_max": 21.6200008392334,
    "temp_min": 11.380000114440918,
    "temp_mitjana": 16.530000686645508
}