{
    "temp_max": 16.020000457763672,
    "temp_min": 6.369999885559082,
    "temp_mitjana": 11.069999694824219
}