{
    "temp_max": 15.970000267028809,
    "temp_min": 8.029999732971191,
    "temp_mitjana": 13.420000076293945
}