{
    "temp_max": 31.729999542236328,
    "temp_min": 20.969999313354492,
    "temp_mitjana": 25.200000762939453
}