{
    "temp_max": 17.56999969482422,
    "temp_min": 6.880000114440918,
    "temp_mitjana": 11.699999809265137
}