{
    "temp_max": 18.8799991607666,
    "temp_min": 7.369999885559082,
    "temp_mitjana": 12.819999694824219
}