{
    "temp_max": 32.16999816894531,
    "temp_min": 19.770000457763672,
    "temp_mitjana": 25.18000030517578
}