{
    "temp_max": 15.020000457763672,
    "temp_min": 4.28000020980835,
    "temp_mitjana": 9.460000038146973
}