{
    "temp_max": 20.969999313354492,
    "temp_min": 9.819999694824219,
    "temp_mitjana": 16.170000076293945
}