{
    "temp_max": 17.93000030517578,
    "temp_min": 2.2300000190734863,
    "temp_mitjana": 10.119999885559082
}