{
    "temp_max": 25.719999313354492,
    "temp_min": 14.819999694824219,
    "temp_mitjana": 19.979999542236328
}