{
    "temp_max": 14.579999923706055,
    "temp_min": 5.71999979019165,
    "temp_mitjana": 10.0
}