{
    "temp_max": 27.270000457763672,
    "temp_min": 8.529999732971191,
    "temp_mitjana": 17.690000534057617
}