{
    "temp_max": 32.47999954223633,
    "temp_min": 20.8700008392334,
    "temp_mitjana": 25.770000457763672
}