{
    "temp_max": 23.780000686645508,
    "temp_min": 8.619999885559082,
    "temp_mitjana": 15.399999618530273
}