{
    "temp_max": 26.1299991607666,
    "temp_min": 9.979999542236328,
    "temp_mitjana": 15.880000114440918
}