{
    "temp_max": 32.33000183105469,
    "temp_min": 20.219999313354492,
    "temp_mitjana": 25.34000015258789
}