{
    "temp_max": 28.579999923706055,
    "temp_min": 16.530000686645508,
    "temp_mitjana": 23.399999618530273
}