{
    "temp_max": 32.56999969482422,
    "temp_min": 19.829999923706055,
    "temp_mitjana": 27.479999542236328
}