{
    "temp_max": 19.31999969482422,
    "temp_min": 5.920000076293945,
    "temp_mitjana": 11.420000076293945
}