{
    "temp_max": 23.56999969482422,
    "temp_min": 8.680000305175781,
    "temp_mitjana": 16.829999923706055
}