{
    "temp_max": 20.020000457763672,
    "temp_min": 5.070000171661377,
    "temp_mitjana": 13.529999732971191
}