{
    "temp_max": 31.479999542236328,
    "temp_min": 20.520000457763672,
    "temp_mitjana": 25.399999618530273
}