{
    "temp_max": 23.68000030517578,
    "temp_min": 10.069999694824219,
    "temp_mitjana": 16.899999618530273
}