{
    "temp_max": 23.670000076293945,
    "temp_min": 10.829999923706055,
    "temp_mitjana": 16.979999542236328
}