{
    "temp_max": 35.72999954223633,
    "temp_min": 20.770000457763672,
    "temp_mitjana": 26.709999084472656
}