{
    "temp_max": 36.31999969482422,
    "temp_min": 19.979999542236328,
    "temp_mitjana": 26.760000228881836
}