{
    "temp_max": 21.479999542236328,
    "temp_min": 9.170000076293945,
    "temp_mitjana": 15.520000457763672
}