{
    "temp_max": 32.58000183105469,
    "temp_min": 21.770000457763672,
    "temp_mitjana": 26.760000228881836
}