{
    "temp_max": 25.920000076293945,
    "temp_min": 17.68000030517578,
    "temp_mitjana": 21.75
}