{
    "temp_max": 29.280000686645508,
    "temp_min": 18.020000457763672,
    "temp_mitjana": 22.329999923706055
}