{
    "temp_max": 18.270000457763672,
    "temp_min": 1.2300000190734863,
    "temp_mitjana": 9.300000190734863
}