{
    "temp_max": 26.6299991607666,
    "temp_min": 15.170000076293945,
    "temp_mitjana": 20.030000686645508
}