{
    "temp_max": 30.670000076293945,
    "temp_min": 18.6200008392334,
    "temp_mitjana": 24.520000457763672
}