{
    "temp_max": 16.920000076293945,
    "temp_min": 8.770000457763672,
    "temp_mitjana": 13.319999694824219
}