{
    "temp_max": 32.16999816894531,
    "temp_min": 22.670000076293945,
    "temp_mitjana": 27.530000686645508
}