{
    "temp_max": 18.1200008392334,
    "temp_min": 3.8299999237060547,
    "temp_mitjana": 9.6899995803833
}