{
    "temp_max": 26.030000686645508,
    "temp_min": 8.619999885559082,
    "temp_mitjana": 15.510000228881836
}