{
    "temp_max": 19.170000076293945,
    "temp_min": 5.71999979019165,
    "temp_mitjana": 11.350000381469727
}