{
    "temp_max": 31.079999923706055,
    "temp_min": 19.68000030517578,
    "temp_mitjana": 24.65999984741211
}