{
    "temp_max": 22.469999313354492,
    "temp_min": 8.130000114440918,
    "temp_mitjana": 15.890000343322754
}