{
    "temp_max": 32.220001220703125,
    "temp_min": 20.030000686645508,
    "temp_mitjana": 27.5
}