{
    "temp_max": 20.6200008392334,
    "temp_min": 7.929999828338623,
    "temp_mitjana": 14.420000076293945
}