{
    "temp_max": 32.529998779296875,
    "temp_min": 19.719999313354492,
    "temp_mitjana": 26.280000686645508
}