{
    "temp_max": 19.479999542236328,
    "temp_min": 7.070000171661377,
    "temp_mitjana": 12.390000343322754
}