{
    "temp_max": 32.529998779296875,
    "temp_min": 20.219999313354492,
    "temp_mitjana": 25.670000076293945
}