{
    "temp_max": 26.280000686645508,
    "temp_min": 13.869999885559082,
    "temp_mitjana": 19.329999923706055
}