{
    "temp_max": 15.619999885559082,
    "temp_min": 7.329999923706055,
    "temp_mitjana": 11.920000076293945
}