{
    "temp_max": 22.6299991607666,
    "temp_min": 13.619999885559082,
    "temp_mitjana": 18.270000457763672
}