{
    "temp_max": 16.329999923706055,
    "temp_min": 4.28000020980835,
    "temp_mitjana": 10.199999809265137
}