{
    "temp_max": 29.829999923706055,
    "temp_min": 19.31999969482422,
    "temp_mitjana": 24.309999465942383
}