{
    "temp_max": 28.43000030517578,
    "temp_min": 10.920000076293945,
    "temp_mitjana": 18.8700008392334
}