{
    "temp_max": 32.77000045776367,
    "temp_min": 21.979999542236328,
    "temp_mitjana": 26.889999389648438
}