{
    "temp_max": 19.3700008392334,
    "temp_min": 8.329999923706055,
    "temp_mitjana": 12.75
}