{
    "temp_max": 20.06999969482422,
    "temp_min": 7.28000020980835,
    "temp_mitjana": 13.1899995803833
}