{
    "temp_max": 23.219999313354492,
    "temp_min": 10.369999885559082,
    "temp_mitjana": 15.770000457763672
}