{
    "temp_max": 30.31999969482422,
    "temp_min": 20.270000457763672,
    "temp_mitjana": 25.239999771118164
}