{
    "temp_max": 33.77000045776367,
    "temp_min": 21.56999969482422,
    "temp_mitjana": 27.079999923706055
}