{
    "temp_max": 15.420000076293945,
    "temp_min": 2.7799999713897705,
    "temp_mitjana": 9.25
}