{
    "temp_max": 30.520000457763672,
    "temp_min": 19.1299991607666,
    "temp_mitjana": 26.200000762939453
}