{
    "temp_max": 17.270000457763672,
    "temp_min": 6.579999923706055,
    "temp_mitjana": 11.039999961853027
}