{
    "temp_max": 16.979999542236328,
    "temp_min": 5.619999885559082,
    "temp_mitjana": 9.880000114440918
}