{
    "temp_max": 16.770000457763672,
    "temp_min": 3.930000066757202,
    "temp_mitjana": 9.420000076293945
}