{
    "temp_max": 32.43000030517578,
    "temp_min": 19.56999969482422,
    "temp_mitjana": 25.270000457763672
}