{
    "temp_max": 22.969999313354492,
    "temp_min": 11.470000267028809,
    "temp_mitjana": 17.280000686645508
}