{
    "temp_max": 23.479999542236328,
    "temp_min": 9.170000076293945,
    "temp_mitjana": 17.15999984741211
}