{
    "temp_max": 28.43000030517578,
    "temp_min": 10.170000076293945,
    "temp_mitjana": 16.739999771118164
}