{
    "temp_max": 36.81999969482422,
    "temp_min": 19.979999542236328,
    "temp_mitjana": 27.40999984741211
}