{
    "temp_max": 21.31999969482422,
    "temp_min": 6.679999828338623,
    "temp_mitjana": 15.050000190734863
}