{
    "temp_max": 21.93000030517578,
    "temp_min": 6.769999980926514,
    "temp_mitjana": 13.979999542236328
}