{
    "temp_max": 23.420000076293945,
    "temp_min": 11.069999694824219,
    "temp_mitjana": 16.940000534057617
}