{
    "temp_max": 20.229999542236328,
    "temp_min": 8.270000457763672,
    "temp_mitjana": 13.720000267028809
}