{
    "temp_max": 25.770000457763672,
    "temp_min": 13.130000114440918,
    "temp_mitjana": 20.200000762939453
}