{
    "temp_max": 35.130001068115234,
    "temp_min": 20.729999542236328,
    "temp_mitjana": 27.889999389648438
}