{
    "temp_max": 22.520000457763672,
    "temp_min": 11.819999694824219,
    "temp_mitjana": 17.6299991607666
}