{
    "temp_max": 23.719999313354492,
    "temp_min": 9.270000457763672,
    "temp_mitjana": 15.930000305175781
}