{
    "temp_max": 19.829999923706055,
    "temp_min": 3.2200000286102295,
    "temp_mitjana": 11.119999885559082
}