{
    "temp_max": 28.3700008392334,
    "temp_min": 19.56999969482422,
    "temp_mitjana": 24.1200008392334
}