{
    "temp_max": 14.380000114440918,
    "temp_min": 6.920000076293945,
    "temp_mitjana": 10.8100004196167
}