{
    "temp_max": 31.329999923706055,
    "temp_min": 21.170000076293945,
    "temp_mitjana": 25.18000030517578
}