{
    "temp_max": 24.579999923706055,
    "temp_min": 12.420000076293945,
    "temp_mitjana": 17.770000457763672
}