{
    "temp_max": 23.579999923706055,
    "temp_min": 15.079999923706055,
    "temp_mitjana": 19.639999389648438
}