{
    "temp_max": 31.469999313354492,
    "temp_min": 22.8799991607666,
    "temp_mitjana": 27.309999465942383
}