{
    "temp_max": 19.829999923706055,
    "temp_min": 8.270000457763672,
    "temp_mitjana": 13.59000015258789
}