{
    "temp_max": 23.920000076293945,
    "temp_min": 15.420000076293945,
    "temp_mitjana": 19.440000534057617
}