{
    "temp_max": 19.18000030517578,
    "temp_min": 5.03000020980835,
    "temp_mitjana": 12.470000267028809
}