{
    "temp_max": 30.68000030517578,
    "temp_min": 21.170000076293945,
    "temp_mitjana": 25.1200008392334
}