{
    "temp_max": 32.720001220703125,
    "temp_min": 20.219999313354492,
    "temp_mitjana": 25.350000381469727
}