{
    "temp_max": 23.020000457763672,
    "temp_min": 11.130000114440918,
    "temp_mitjana": 17.799999237060547
}