{
    "temp_max": 24.1299991607666,
    "temp_min": 13.420000076293945,
    "temp_mitjana": 18.950000762939453
}