{
    "temp_max": 16.920000076293945,
    "temp_min": 3.5199999809265137,
    "temp_mitjana": 9.180000305175781
}