{
    "temp_max": 35.77000045776367,
    "temp_min": 21.829999923706055,
    "temp_mitjana": 28.84000015258789
}