{
    "temp_max": 16.18000030517578,
    "temp_min": 8.069999694824219,
    "temp_mitjana": 12.15999984741211
}