{
    "temp_max": 17.219999313354492,
    "temp_min": 5.429999828338623,
    "temp_mitjana": 10.859999656677246
}