{
    "temp_max": 16.520000457763672,
    "temp_min": 8.369999885559082,
    "temp_mitjana": 12.960000038146973
}