{
    "temp_max": 36.630001068115234,
    "temp_min": 21.780000686645508,
    "temp_mitjana": 28.81999969482422
}