{
    "temp_max": 20.920000076293945,
    "temp_min": 4.429999828338623,
    "temp_mitjana": 13.529999732971191
}