{
    "temp_max": 21.270000457763672,
    "temp_min": 5.329999923706055,
    "temp_mitjana": 13.890000343322754
}