{
    "temp_max": 18.469999313354492,
    "temp_min": 3.4700000286102295,
    "temp_mitjana": 10.130000114440918
}