{
    "temp_max": 24.780000686645508,
    "temp_min": 10.420000076293945,
    "temp_mitjana": 16.799999237060547
}