{
    "temp_max": 27.219999313354492,
    "temp_min": 12.729999542236328,
    "temp_mitjana": 20.219999313354492
}