{
    "temp_max": 19.329999923706055,
    "temp_min": 7.170000076293945,
    "temp_mitjana": 12.630000114440918
}