{
    "temp_max": 29.280000686645508,
    "temp_min": 15.720000267028809,
    "temp_mitjana": 21.709999084472656
}