{
    "temp_max": 20.43000030517578,
    "temp_min": 6.71999979019165,
    "temp_mitjana": 13.729999542236328
}