{
    "temp_max": 13.220000267028809,
    "temp_min": 4.28000020980835,
    "temp_mitjana": 9.149999618530273
}