{
    "temp_max": 16.280000686645508,
    "temp_min": 6.829999923706055,
    "temp_mitjana": 12.109999656677246
}