{
    "temp_max": 24.43000030517578,
    "temp_min": 13.119999885559082,
    "temp_mitjana": 18.270000457763672
}