{
    "temp_max": 30.579999923706055,
    "temp_min": 19.020000457763672,
    "temp_mitjana": 24.489999771118164
}