{
    "temp_max": 31.729999542236328,
    "temp_min": 13.670000076293945,
    "temp_mitjana": 21.290000915527344
}