{
    "temp_max": 29.579999923706055,
    "temp_min": 20.520000457763672,
    "temp_mitjana": 24.469999313354492
}