{
    "temp_max": 14.869999885559082,
    "temp_min": 1.8300000429153442,
    "temp_mitjana": 6.519999980926514
}