{
    "temp_max": 20.31999969482422,
    "temp_min": 9.119999885559082,
    "temp_mitjana": 15.09000015258789
}