{
    "temp_max": 23.780000686645508,
    "temp_min": 9.720000267028809,
    "temp_mitjana": 15.979999542236328
}