{
    "temp_max": 34.16999816894531,
    "temp_min": 20.6299991607666,
    "temp_mitjana": 26.93000030517578
}