{
    "temp_max": 25.920000076293945,
    "temp_min": 14.819999694824219,
    "temp_mitjana": 19.979999542236328
}