{
    "temp_max": 23.020000457763672,
    "temp_min": 10.979999542236328,
    "temp_mitjana": 16.760000228881836
}