{
    "temp_max": 35.81999969482422,
    "temp_min": 22.170000076293945,
    "temp_mitjana": 28.59000015258789
}