{
    "temp_max": 16.020000457763672,
    "temp_min": 5.380000114440918,
    "temp_mitjana": 12.010000228881836
}