{
    "temp_max": 12.970000267028809,
    "temp_min": 4.269999980926514,
    "temp_mitjana": 9.109999656677246
}