{
    "temp_max": 24.170000076293945,
    "temp_min": 10.069999694824219,
    "temp_mitjana": 16.170000076293945
}