{
    "temp_max": 28.43000030517578,
    "temp_min": 13.569999694824219,
    "temp_mitjana": 19.469999313354492
}