{
    "temp_max": 19.530000686645508,
    "temp_min": 5.71999979019165,
    "temp_mitjana": 11.050000190734863
}