{
    "temp_max": 32.83000183105469,
    "temp_min": 19.280000686645508,
    "temp_mitjana": 24.59000015258789
}