{
    "temp_max": 16.3700008392334,
    "temp_min": 6.329999923706055,
    "temp_mitjana": 12.079999923706055
}