{
    "temp_max": 32.16999816894531,
    "temp_min": 22.780000686645508,
    "temp_mitjana": 27.260000228881836
}