{
    "temp_max": 14.479999542236328,
    "temp_min": 3.4800000190734863,
    "temp_mitjana": 10.470000267028809
}