{
    "temp_max": 29.219999313354492,
    "temp_min": 18.3700008392334,
    "temp_mitjana": 23.459999084472656
}