{
    "temp_max": 32.68000030517578,
    "temp_min": 22.270000457763672,
    "temp_mitjana": 26.979999542236328
}