{
    "temp_max": 15.680000305175781,
    "temp_min": 8.130000114440918,
    "temp_mitjana": 12.149999618530273
}