{
    "temp_max": 14.880000114440918,
    "temp_min": 4.53000020980835,
    "temp_mitjana": 9.59000015258789
}