{
    "temp_max": 18.68000030517578,
    "temp_min": 2.6700000762939453,
    "temp_mitjana": 9.920000076293945
}