{
    "temp_max": 14.670000076293945,
    "temp_min": 6.619999885559082,
    "temp_mitjana": 9.890000343322754
}