{
    "temp_max": 29.219999313354492,
    "temp_min": 19.3700008392334,
    "temp_mitjana": 23.469999313354492
}