{
    "temp_max": 34.56999969482422,
    "temp_min": 20.18000030517578,
    "temp_mitjana": 25.790000915527344
}