{
    "temp_max": 27.1200008392334,
    "temp_min": 17.670000076293945,
    "temp_mitjana": 22.399999618530273
}