{
    "temp_max": 28.729999542236328,
    "temp_min": 17.770000457763672,
    "temp_mitjana": 23.649999618530273
}