{
    "temp_max": 28.31999969482422,
    "temp_min": 16.219999313354492,
    "temp_mitjana": 22.40999984741211
}