{
    "temp_max": 26.770000457763672,
    "temp_min": 17.670000076293945,
    "temp_mitjana": 22.479999542236328
}