{
    "temp_max": 24.43000030517578,
    "temp_min": 13.420000076293945,
    "temp_mitjana": 18.93000030517578
}