{
    "temp_max": 18.030000686645508,
    "temp_min": 7.679999828338623,
    "temp_mitjana": 12.279999732971191
}