{
    "temp_max": 14.220000267028809,
    "temp_min": 1.0199999809265137,
    "temp_mitjana": 6.989999771118164
}