{
    "temp_max": 27.43000030517578,
    "temp_min": 17.3700008392334,
    "temp_mitjana": 22.239999771118164
}