{
    "temp_max": 14.970000267028809,
    "temp_min": 7.070000171661377,
    "temp_mitjana": 11.0
}