{
    "temp_max": 32.22999954223633,
    "temp_min": 21.56999969482422,
    "temp_mitjana": 26.739999771118164
}