{
    "temp_max": 18.219999313354492,
    "temp_min": -0.4699999988079071,
    "temp_mitjana": 9.020000457763672
}