{
    "temp_max": 29.8700008392334,
    "temp_min": 20.68000030517578,
    "temp_mitjana": 24.450000762939453
}