{
    "temp_max": 23.8700008392334,
    "temp_min": 11.079999923706055,
    "temp_mitjana": 17.059999465942383
}