{
    "temp_max": 25.719999313354492,
    "temp_min": 17.8700008392334,
    "temp_mitjana": 21.799999237060547
}