{
    "temp_max": 31.920000076293945,
    "temp_min": 23.270000457763672,
    "temp_mitjana": 27.489999771118164
}