{
    "temp_max": 28.43000030517578,
    "temp_min": 14.720000267028809,
    "temp_mitjana": 19.739999771118164
}