{
    "temp_max": 14.779999732971191,
    "temp_min": 5.070000171661377,
    "temp_mitjana": 10.109999656677246
}