{
    "temp_max": 30.520000457763672,
    "temp_min": 20.31999969482422,
    "temp_mitjana": 24.399999618530273
}