{
    "temp_max": 32.93000030517578,
    "temp_min": 17.520000457763672,
    "temp_mitjana": 24.780000686645508
}