{
    "temp_max": 21.280000686645508,
    "temp_min": 9.270000457763672,
    "temp_mitjana": 14.90999984741211
}