{
    "temp_max": 26.31999969482422,
    "temp_min": 12.729999542236328,
    "temp_mitjana": 20.049999237060547
}