{
    "temp_max": 24.780000686645508,
    "temp_min": 9.720000267028809,
    "temp_mitjana": 16.649999618530273
}