{
    "temp_max": 22.6299991607666,
    "temp_min": 13.270000457763672,
    "temp_mitjana": 18.100000381469727
}