{
    "temp_max": 14.520000457763672,
    "temp_min": 3.0299999713897705,
    "temp_mitjana": 10.020000457763672
}