{
    "temp_max": 24.06999969482422,
    "temp_min": 6.329999923706055,
    "temp_mitjana": 15.220000267028809
}