{
    "temp_max": 15.319999694824219,
    "temp_min": 5.079999923706055,
    "temp_mitjana": 11.180000305175781
}