{
    "temp_max": 27.43000030517578,
    "temp_min": 9.970000267028809,
    "temp_mitjana": 16.149999618530273
}