{
    "temp_max": 12.520000457763672,
    "temp_min": -0.3700000047683716,
    "temp_mitjana": 6.53000020980835
}