{
    "temp_max": 18.280000686645508,
    "temp_min": 7.369999885559082,
    "temp_mitjana": 12.729999542236328
}