{
    "temp_max": 29.020000457763672,
    "temp_min": 18.670000076293945,
    "temp_mitjana": 24.0
}