{
    "temp_max": 31.270000457763672,
    "temp_min": 19.229999542236328,
    "temp_mitjana": 24.739999771118164
}