{
    "temp_max": 23.520000457763672,
    "temp_min": 10.619999885559082,
    "temp_mitjana": 16.579999923706055
}