{
    "temp_max": 33.779998779296875,
    "temp_min": 20.520000457763672,
    "temp_mitjana": 25.770000457763672
}