{
    "temp_max": 23.770000457763672,
    "temp_min": 9.119999885559082,
    "temp_mitjana": 16.049999237060547
}