{
    "temp_max": 19.780000686645508,
    "temp_min": 6.619999885559082,
    "temp_mitjana": 12.930000305175781
}