{
    "temp_max": 36.619998931884766,
    "temp_min": 21.829999923706055,
    "temp_mitjana": 28.729999542236328
}