{
    "temp_max": 28.1200008392334,
    "temp_min": 17.979999542236328,
    "temp_mitjana": 23.399999618530273
}