{
    "temp_max": 34.619998931884766,
    "temp_min": 22.219999313354492,
    "temp_mitjana": 27.280000686645508
}