{
    "temp_max": 20.219999313354492,
    "temp_min": 6.420000076293945,
    "temp_mitjana": 13.6899995803833
}