{
    "temp_max": 28.780000686645508,
    "temp_min": 18.6299991607666,
    "temp_mitjana": 23.260000228881836
}