{
    "temp_max": 33.83000183105469,
    "temp_min": 17.6200008392334,
    "temp_mitjana": 24.399999618530273
}