{
    "temp_max": 19.530000686645508,
    "temp_min": 6.329999923706055,
    "temp_mitjana": 12.359999656677246
}