{
    "temp_max": 25.979999542236328,
    "temp_min": 14.770000457763672,
    "temp_mitjana": 19.93000030517578
}