{
    "temp_max": 23.6200008392334,
    "temp_min": 12.270000457763672,
    "temp_mitjana": 17.559999465942383
}