{
    "temp_max": 15.079999923706055,
    "temp_min": 4.320000171661377,
    "temp_mitjana": 9.5
}