{
    "temp_max": 17.93000030517578,
    "temp_min": 5.429999828338623,
    "temp_mitjana": 11.65999984741211
}