{
    "temp_max": 19.170000076293945,
    "temp_min": 7.880000114440918,
    "temp_mitjana": 12.569999694824219
}