{
    "temp_max": 24.229999542236328,
    "temp_min": 9.170000076293945,
    "temp_mitjana": 17.06999969482422
}