{
    "temp_max": 14.819999694824219,
    "temp_min": 0.7799999713897705,
    "temp_mitjana": 9.479999542236328
}