{
    "temp_max": 26.31999969482422,
    "temp_min": 9.380000114440918,
    "temp_mitjana": 17.0
}