{
    "temp_max": 13.319999694824219,
    "temp_min": 2.630000114440918,
    "temp_mitjana": 8.989999771118164
}