{
    "temp_max": 16.93000030517578,
    "temp_min": 6.179999828338623,
    "temp_mitjana": 12.130000114440918
}