{
    "temp_max": 34.970001220703125,
    "temp_min": 22.6299991607666,
    "temp_mitjana": 28.18000030517578
}