{
    "temp_max": 33.77000045776367,
    "temp_min": 22.18000030517578,
    "temp_mitjana": 27.639999389648438
}