{
    "temp_max": 22.969999313354492,
    "temp_min": 7.929999828338623,
    "temp_mitjana": 16.110000610351562
}