{
    "temp_max": 21.1200008392334,
    "temp_min": 9.880000114440918,
    "temp_mitjana": 16.059999465942383
}