{
    "temp_max": 20.469999313354492,
    "temp_min": 8.920000076293945,
    "temp_mitjana": 14.630000114440918
}