{
    "temp_max": 29.06999969482422,
    "temp_min": 17.530000686645508,
    "temp_mitjana": 22.479999542236328
}