{
    "temp_max": 18.670000076293945,
    "temp_min": 7.420000076293945,
    "temp_mitjana": 12.239999771118164
}