{
    "temp_max": 34.47999954223633,
    "temp_min": 21.8799991607666,
    "temp_mitjana": 27.440000534057617
}