{
    "temp_max": 32.130001068115234,
    "temp_min": 21.579999923706055,
    "temp_mitjana": 27.469999313354492
}