{
    "temp_max": 23.420000076293945,
    "temp_min": 7.230000019073486,
    "temp_mitjana": 15.829999923706055
}