{
    "temp_max": 18.270000457763672,
    "temp_min": 2.930000066757202,
    "temp_mitjana": 10.130000114440918
}