{
    "temp_max": 36.02000045776367,
    "temp_min": 19.93000030517578,
    "temp_mitjana": 26.270000457763672
}