{
    "temp_max": 29.530000686645508,
    "temp_min": 18.670000076293945,
    "temp_mitjana": 23.520000457763672
}