{
    "temp_max": 23.770000457763672,
    "temp_min": 11.779999732971191,
    "temp_mitjana": 18.959999084472656
}