{
    "temp_max": 16.270000457763672,
    "temp_min": 9.979999542236328,
    "temp_mitjana": 13.649999618530273
}