{
    "temp_max": 18.020000457763672,
    "temp_min": 6.46999979019165,
    "temp_mitjana": 11.420000076293945
}