{
    "temp_max": 15.979999542236328,
    "temp_min": 1.6200000047683716,
    "temp_mitjana": 8.6899995803833
}