{
    "temp_max": 29.530000686645508,
    "temp_min": 18.270000457763672,
    "temp_mitjana": 23.770000457763672
}