{
    "temp_max": 30.56999969482422,
    "temp_min": 17.56999969482422,
    "temp_mitjana": 24.5
}