{
    "temp_max": 26.270000457763672,
    "temp_min": 17.81999969482422,
    "temp_mitjana": 21.93000030517578
}