{
    "temp_max": 15.630000114440918,
    "temp_min": 4.28000020980835,
    "temp_mitjana": 10.039999961853027
}