{
    "temp_max": 35.83000183105469,
    "temp_min": 21.969999313354492,
    "temp_mitjana": 28.100000381469727
}