{
    "temp_max": 28.43000030517578,
    "temp_min": 11.020000457763672,
    "temp_mitjana": 17.920000076293945
}