{
    "temp_max": 18.3700008392334,
    "temp_min": 2.619999885559082,
    "temp_mitjana": 9.890000343322754
}