{
    "temp_max": 16.81999969482422,
    "temp_min": 3.2699999809265137,
    "temp_mitjana": 9.260000228881836
}