{
    "temp_max": 26.469999313354492,
    "temp_min": 13.520000457763672,
    "temp_mitjana": 19.209999084472656
}