{
    "temp_max": 30.670000076293945,
    "temp_min": 18.93000030517578,
    "temp_mitjana": 25.280000686645508
}