{
    "temp_max": 23.420000076293945,
    "temp_min": 11.069999694824219,
    "temp_mitjana": 17.09000015258789
}