{
    "temp_max": 21.1200008392334,
    "temp_min": 12.630000114440918,
    "temp_mitjana": 17.489999771118164
}