{
    "temp_max": 26.81999969482422,
    "temp_min": 12.729999542236328,
    "temp_mitjana": 19.829999923706055
}