{
    "temp_max": 29.31999969482422,
    "temp_min": 18.3799991607666,
    "temp_mitjana": 23.889999389648438
}