{
    "temp_max": 16.229999542236328,
    "temp_min": 8.520000457763672,
    "temp_mitjana": 12.640000343322754
}