{
    "temp_max": 28.93000030517578,
    "temp_min": 18.3799991607666,
    "temp_mitjana": 23.93000030517578
}