{
    "temp_max": 14.470000267028809,
    "temp_min": 2.7799999713897705,
    "temp_mitjana": 8.770000457763672
}