{
    "temp_max": 34.630001068115234,
    "temp_min": 20.729999542236328,
    "temp_mitjana": 27.729999542236328
}