{
    "temp_max": 32.529998779296875,
    "temp_min": 21.06999969482422,
    "temp_mitjana": 25.950000762939453
}