{
    "temp_max": 29.170000076293945,
    "temp_min": 18.3799991607666,
    "temp_mitjana": 23.920000076293945
}