{
    "temp_max": 32.93000030517578,
    "temp_min": 17.6200008392334,
    "temp_mitjana": 24.790000915527344
}