{
    "temp_max": 28.68000030517578,
    "temp_min": 17.8700008392334,
    "temp_mitjana": 21.979999542236328
}