{
    "temp_max": 24.56999969482422,
    "temp_min": 13.770000457763672,
    "temp_mitjana": 18.93000030517578
}