{
    "temp_max": 27.6299991607666,
    "temp_min": 13.170000076293945,
    "temp_mitjana": 19.469999313354492
}