{
    "temp_max": 26.81999969482422,
    "temp_min": 9.930000305175781,
    "temp_mitjana": 17.479999542236328
}