{
    "temp_max": 27.920000076293945,
    "temp_min": 16.81999969482422,
    "temp_mitjana": 22.40999984741211
}