{
    "temp_max": 22.969999313354492,
    "temp_min": 13.770000457763672,
    "temp_mitjana": 18.520000457763672
}