{
    "temp_max": 26.670000076293945,
    "temp_min": 10.329999923706055,
    "temp_mitjana": 17.799999237060547
}