{
    "temp_max": 35.83000183105469,
    "temp_min": 20.8700008392334,
    "temp_mitjana": 27.229999542236328
}