{
    "temp_max": 16.170000076293945,
    "temp_min": 6.03000020980835,
    "temp_mitjana": 11.819999694824219
}