{
    "temp_max": 26.420000076293945,
    "temp_min": 17.729999542236328,
    "temp_mitjana": 21.690000534057617
}