{
    "temp_max": 29.8700008392334,
    "temp_min": 19.93000030517578,
    "temp_mitjana": 23.799999237060547
}