{
    "temp_max": 37.880001068115234,
    "temp_min": 23.719999313354492,
    "temp_mitjana": 29.5
}