{
    "temp_max": 28.8700008392334,
    "temp_min": 18.670000076293945,
    "temp_mitjana": 23.979999542236328
}