{
    "temp_max": 14.479999542236328,
    "temp_min": 2.4200000762939453,
    "temp_mitjana": 7.179999828338623
}