{
    "temp_max": 30.31999969482422,
    "temp_min": 21.170000076293945,
    "temp_mitjana": 26.389999389648438
}