{
    "temp_max": 16.969999313354492,
    "temp_min": 3.680000066757202,
    "temp_mitjana": 11.489999771118164
}