{
    "temp_max": 19.219999313354492,
    "temp_min": 7.079999923706055,
    "temp_mitjana": 12.84000015258789
}