{
    "temp_max": 15.569999694824219,
    "temp_min": 7.179999828338623,
    "temp_mitjana": 11.880000114440918
}