{
    "temp_max": 19.6299991607666,
    "temp_min": 7.769999980926514,
    "temp_mitjana": 12.90999984741211
}