{
    "temp_max": 23.420000076293945,
    "temp_min": 11.020000457763672,
    "temp_mitjana": 16.610000610351562
}