{
    "temp_max": 31.1299991607666,
    "temp_min": 13.819999694824219,
    "temp_mitjana": 21.34000015258789
}