{
    "temp_max": 16.81999969482422,
    "temp_min": 3.319999933242798,
    "temp_mitjana": 9.229999542236328
}