{
    "temp_max": 23.68000030517578,
    "temp_min": 11.180000305175781,
    "temp_mitjana": 19.190000534057617
}