{
    "temp_max": 33.16999816894531,
    "temp_min": 22.1299991607666,
    "temp_mitjana": 27.010000228881836
}