{
    "temp_max": 31.8799991607666,
    "temp_min": 20.06999969482422,
    "temp_mitjana": 25.1299991607666
}