{
    "temp_max": 31.1299991607666,
    "temp_min": 21.31999969482422,
    "temp_mitjana": 25.520000457763672
}