{
    "temp_max": 26.270000457763672,
    "temp_min": 11.979999542236328,
    "temp_mitjana": 18.15999984741211
}