{
    "temp_max": 27.8799991607666,
    "temp_min": 13.020000457763672,
    "temp_mitjana": 19.65999984741211
}