{
    "temp_max": 15.720000267028809,
    "temp_min": 3.680000066757202,
    "temp_mitjana": 10.210000038146973
}