{
    "temp_max": 21.770000457763672,
    "temp_min": 13.770000457763672,
    "temp_mitjana": 17.6299991607666
}