{
    "temp_max": 13.520000457763672,
    "temp_min": -1.2200000286102295,
    "temp_mitjana": 6.440000057220459
}