{
    "temp_max": 29.170000076293945,
    "temp_min": 17.579999923706055,
    "temp_mitjana": 22.989999771118164
}