{
    "temp_max": 15.430000305175781,
    "temp_min": 5.96999979019165,
    "temp_mitjana": 10.34000015258789
}