{
    "temp_max": 23.6200008392334,
    "temp_min": 10.869999885559082,
    "temp_mitjana": 16.65999984741211
}