{
    "temp_max": 36.33000183105469,
    "temp_min": 21.020000457763672,
    "temp_mitjana": 27.15999984741211
}