{
    "temp_max": 31.8799991607666,
    "temp_min": 20.219999313354492,
    "temp_mitjana": 25.360000610351562
}