{
    "temp_max": 29.1200008392334,
    "temp_min": 17.43000030517578,
    "temp_mitjana": 25.0
}