{
    "temp_max": 32.33000183105469,
    "temp_min": 22.579999923706055,
    "temp_mitjana": 27.56999969482422
}