{
    "temp_max": 33.81999969482422,
    "temp_min": 20.6299991607666,
    "temp_mitjana": 27.09000015258789
}