{
    "temp_max": 34.279998779296875,
    "temp_min": 21.06999969482422,
    "temp_mitjana": 26.489999771118164
}