{
    "temp_max": 24.280000686645508,
    "temp_min": 12.970000267028809,
    "temp_mitjana": 18.989999771118164
}