{
    "temp_max": 27.3799991607666,
    "temp_min": 18.1200008392334,
    "temp_mitjana": 22.809999465942383
}