{
    "temp_max": 28.3700008392334,
    "temp_min": 10.430000305175781,
    "temp_mitjana": 19.34000015258789
}