{
    "temp_max": 31.3700008392334,
    "temp_min": 20.030000686645508,
    "temp_mitjana": 25.809999465942383
}