{
    "temp_max": 16.81999969482422,
    "temp_min": 3.430000066757202,
    "temp_mitjana": 9.15999984741211
}