{
    "temp_max": 23.670000076293945,
    "temp_min": 13.670000076293945,
    "temp_mitjana": 19.59000015258789
}