{
    "temp_max": 31.979999542236328,
    "temp_min": 21.1200008392334,
    "temp_mitjana": 25.190000534057617
}