{
    "temp_max": 21.030000686645508,
    "temp_min": 11.729999542236328,
    "temp_mitjana": 17.600000381469727
}