{
    "temp_max": 29.170000076293945,
    "temp_min": 20.020000457763672,
    "temp_mitjana": 23.979999542236328
}