{
    "temp_max": 27.770000457763672,
    "temp_min": 18.469999313354492,
    "temp_mitjana": 23.290000915527344
}