{
    "temp_max": 13.170000076293945,
    "temp_min": 0.47999998927116394,
    "temp_mitjana": 6.900000095367432
}