{
    "temp_max": 20.6200008392334,
    "temp_min": 9.529999732971191,
    "temp_mitjana": 15.119999885559082
}