{
    "temp_max": 18.670000076293945,
    "temp_min": 8.119999885559082,
    "temp_mitjana": 12.449999809265137
}