{
    "temp_max": 28.920000076293945,
    "temp_min": 17.420000076293945,
    "temp_mitjana": 23.389999389648438
}