{
    "temp_max": 29.280000686645508,
    "temp_min": 18.3700008392334,
    "temp_mitjana": 24.18000030517578
}