{
    "temp_max": 23.68000030517578,
    "temp_min": 10.569999694824219,
    "temp_mitjana": 17.09000015258789
}