{
    "temp_max": 27.030000686645508,
    "temp_min": 11.130000114440918,
    "temp_mitjana": 17.600000381469727
}