{
    "temp_max": 22.219999313354492,
    "temp_min": 12.619999885559082,
    "temp_mitjana": 16.5
}