{
    "temp_max": 37.47999954223633,
    "temp_min": 22.56999969482422,
    "temp_mitjana": 27.3799991607666
}