{
    "temp_max": 15.720000267028809,
    "temp_min": 4.369999885559082,
    "temp_mitjana": 10.25
}