{
    "temp_max": 19.729999542236328,
    "temp_min": 5.369999885559082,
    "temp_mitjana": 10.899999618530273
}