{
    "temp_max": 33.27000045776367,
    "temp_min": 23.3799991607666,
    "temp_mitjana": 28.239999771118164
}