{
    "temp_max": 26.270000457763672,
    "temp_min": 17.8700008392334,
    "temp_mitjana": 21.600000381469727
}