{
    "temp_max": 30.280000686645508,
    "temp_min": 18.520000457763672,
    "temp_mitjana": 22.850000381469727
}