{
    "temp_max": 30.1299991607666,
    "temp_min": 18.8799991607666,
    "temp_mitjana": 23.790000915527344
}