{
    "temp_max": 24.6200008392334,
    "temp_min": 14.970000267028809,
    "temp_mitjana": 19.100000381469727
}