{
    "temp_max": 15.470000267028809,
    "temp_min": 5.079999923706055,
    "temp_mitjana": 9.880000114440918
}