{
    "temp_max": 15.829999923706055,
    "temp_min": 6.079999923706055,
    "temp_mitjana": 10.069999694824219
}