{
    "temp_max": 29.3799991607666,
    "temp_min": 18.479999542236328,
    "temp_mitjana": 22.690000534057617
}