{
    "temp_max": 22.3799991607666,
    "temp_min": 8.630000114440918,
    "temp_mitjana": 16.940000534057617
}