{
    "temp_max": 28.56999969482422,
    "temp_min": 18.030000686645508,
    "temp_mitjana": 23.56999969482422
}