{
    "temp_max": 23.020000457763672,
    "temp_min": 10.630000114440918,
    "temp_mitjana": 16.959999084472656
}