{
    "temp_max": 17.1299991607666,
    "temp_min": 6.769999980926514,
    "temp_mitjana": 10.710000038146973
}