{
    "temp_max": 17.31999969482422,
    "temp_min": 5.480000019073486,
    "temp_mitjana": 12.050000190734863
}