{
    "temp_max": 23.780000686645508,
    "temp_min": 14.119999885559082,
    "temp_mitjana": 18.829999923706055
}