{
    "temp_max": 29.020000457763672,
    "temp_min": 18.469999313354492,
    "temp_mitjana": 23.690000534057617
}