{
    "temp_max": 28.020000457763672,
    "temp_min": 18.6299991607666,
    "temp_mitjana": 23.030000686645508
}