{
    "temp_max": 21.31999969482422,
    "temp_min": 12.279999732971191,
    "temp_mitjana": 17.290000915527344
}