{
    "temp_max": 15.319999694824219,
    "temp_min": 1.7300000190734863,
    "temp_mitjana": 9.880000114440918
}