{
    "temp_max": 24.8700008392334,
    "temp_min": 11.420000076293945,
    "temp_mitjana": 16.979999542236328
}