{
    "temp_max": 23.18000030517578,
    "temp_min": 10.170000076293945,
    "temp_mitjana": 16.049999237060547
}