{
    "temp_max": 19.6299991607666,
    "temp_min": 5.519999980926514,
    "temp_mitjana": 10.739999771118164
}