{
    "temp_max": 31.530000686645508,
    "temp_min": 20.219999313354492,
    "temp_mitjana": 25.6200008392334
}