{
    "temp_max": 25.8700008392334,
    "temp_min": 15.819999694824219,
    "temp_mitjana": 20.40999984741211
}