{
    "temp_max": 14.869999885559082,
    "temp_min": 2.0199999809265137,
    "temp_mitjana": 6.789999961853027
}