{
    "temp_max": 20.3799991607666,
    "temp_min": 9.180000305175781,
    "temp_mitjana": 14.119999885559082
}