{
    "temp_max": 33.33000183105469,
    "temp_min": 22.43000030517578,
    "temp_mitjana": 27.739999771118164
}