{
    "temp_max": 22.1200008392334,
    "temp_min": 9.979999542236328,
    "temp_mitjana": 16.350000381469727
}