{
    "temp_max": 27.670000076293945,
    "temp_min": 16.31999969482422,
    "temp_mitjana": 22.229999542236328
}