{
    "temp_max": 23.520000457763672,
    "temp_min": 10.630000114440918,
    "temp_mitjana": 16.540000915527344
}