{
    "temp_max": 32.66999816894531,
    "temp_min": 21.479999542236328,
    "temp_mitjana": 27.59000015258789
}