{
    "temp_max": 23.81999969482422,
    "temp_min": 10.029999732971191,
    "temp_mitjana": 17.049999237060547
}