{
    "temp_max": 18.1299991607666,
    "temp_min": 2.8299999237060547,
    "temp_mitjana": 10.130000114440918
}