{
    "temp_max": 16.329999923706055,
    "temp_min": 1.8700000047683716,
    "temp_mitjana": 8.619999885559082
}