{
    "temp_max": 23.170000076293945,
    "temp_min": 12.170000076293945,
    "temp_mitjana": 16.540000915527344
}