{
    "temp_max": 18.3700008392334,
    "temp_min": 4.730000019073486,
    "temp_mitjana": 12.25
}