{
    "temp_max": 22.3799991607666,
    "temp_min": 10.369999885559082,
    "temp_mitjana": 15.600000381469727
}