{
    "temp_max": 18.3799991607666,
    "temp_min": 8.470000267028809,
    "temp_mitjana": 12.899999618530273
}