{
    "temp_max": 37.16999816894531,
    "temp_min": 21.829999923706055,
    "temp_mitjana": 28.93000030517578
}