{
    "temp_max": 33.81999969482422,
    "temp_min": 22.780000686645508,
    "temp_mitjana": 27.309999465942383
}