{
    "temp_max": 15.770000457763672,
    "temp_min": 5.980000019073486,
    "temp_mitjana": 11.90999984741211
}