{
    "temp_max": 19.6200008392334,
    "temp_min": 6.170000076293945,
    "temp_mitjana": 11.649999618530273
}