{
    "temp_max": 19.920000076293945,
    "temp_min": 1.4800000190734863,
    "temp_mitjana": 10.869999885559082
}