{
    "temp_max": 14.720000267028809,
    "temp_min": 3.3299999237060547,
    "temp_mitjana": 9.40999984741211
}