{
    "temp_max": 31.329999923706055,
    "temp_min": 20.780000686645508,
    "temp_mitjana": 25.549999237060547
}