{
    "temp_max": 19.31999969482422,
    "temp_min": 7.480000019073486,
    "temp_mitjana": 12.699999809265137
}