{
    "temp_max": 34.130001068115234,
    "temp_min": 21.829999923706055,
    "temp_mitjana": 27.6299991607666
}