{
    "temp_max": 29.329999923706055,
    "temp_min": 14.720000267028809,
    "temp_mitjana": 20.329999923706055
}