{
    "temp_max": 29.579999923706055,
    "temp_min": 20.229999542236328,
    "temp_mitjana": 24.309999465942383
}