{
    "temp_max": 14.520000457763672,
    "temp_min": 4.380000114440918,
    "temp_mitjana": 10.319999694824219
}