{
    "temp_max": 35.22999954223633,
    "temp_min": 21.969999313354492,
    "temp_mitjana": 27.6299991607666
}