{
    "temp_max": 15.020000457763672,
    "temp_min": 6.019999980926514,
    "temp_mitjana": 11.020000457763672
}