{
    "temp_max": 15.079999923706055,
    "temp_min": 5.46999979019165,
    "temp_mitjana": 9.609999656677246
}