{
    "temp_max": 20.420000076293945,
    "temp_min": 5.920000076293945,
    "temp_mitjana": 13.300000190734863
}