{
    "temp_max": 24.469999313354492,
    "temp_min": 13.829999923706055,
    "temp_mitjana": 19.440000534057617
}