{
    "temp_max": 30.469999313354492,
    "temp_min": 21.18000030517578,
    "temp_mitjana": 26.079999923706055
}