{
    "temp_max": 27.56999969482422,
    "temp_min": 11.430000305175781,
    "temp_mitjana": 20.93000030517578
}