{
    "temp_max": 18.1200008392334,
    "temp_min": 2.319999933242798,
    "temp_mitjana": 10.109999656677246
}