{
    "temp_max": 14.069999694824219,
    "temp_min": 6.269999980926514,
    "temp_mitjana": 10.930000305175781
}