{
    "temp_max": 26.670000076293945,
    "temp_min": 14.520000457763672,
    "temp_mitjana": 20.600000381469727
}