{
    "temp_max": 33.93000030517578,
    "temp_min": 23.770000457763672,
    "temp_mitjana": 27.68000030517578
}