{
    "temp_max": 22.969999313354492,
    "temp_min": 11.770000457763672,
    "temp_mitjana": 17.309999465942383
}