{
    "temp_max": 23.729999542236328,
    "temp_min": 10.770000457763672,
    "temp_mitjana": 16.56999969482422
}