{
    "temp_max": 18.3799991607666,
    "temp_min": 8.619999885559082,
    "temp_mitjana": 12.949999809265137
}