{
    "temp_max": 27.520000457763672,
    "temp_min": 17.479999542236328,
    "temp_mitjana": 22.75
}