{
    "temp_max": 18.420000076293945,
    "temp_min": 6.179999828338623,
    "temp_mitjana": 12.010000228881836
}