{
    "temp_max": 27.06999969482422,
    "temp_min": 17.1200008392334,
    "temp_mitjana": 22.479999542236328
}