{
    "temp_max": 23.579999923706055,
    "temp_min": 11.619999885559082,
    "temp_mitjana": 17.510000228881836
}