{
    "temp_max": 29.579999923706055,
    "temp_min": 18.479999542236328,
    "temp_mitjana": 24.389999389648438
}