{
    "temp_max": 31.8799991607666,
    "temp_min": 20.270000457763672,
    "temp_mitjana": 25.559999465942383
}