{
    "temp_max": 23.030000686645508,
    "temp_min": 10.430000305175781,
    "temp_mitjana": 17.520000457763672
}