{
    "temp_max": 33.470001220703125,
    "temp_min": 21.93000030517578,
    "temp_mitjana": 27.84000015258789
}