{
    "temp_max": 31.18000030517578,
    "temp_min": 18.31999969482422,
    "temp_mitjana": 24.09000015258789
}