{
    "temp_max": 34.31999969482422,
    "temp_min": 21.6200008392334,
    "temp_mitjana": 26.969999313354492
}