{
    "temp_max": 15.569999694824219,
    "temp_min": 4.320000171661377,
    "temp_mitjana": 9.649999618530273
}