{
    "temp_max": 32.529998779296875,
    "temp_min": 22.06999969482422,
    "temp_mitjana": 26.709999084472656
}