{
    "temp_max": 32.08000183105469,
    "temp_min": 22.81999969482422,
    "temp_mitjana": 27.43000030517578
}