{
    "temp_max": 25.729999542236328,
    "temp_min": 12.970000267028809,
    "temp_mitjana": 19.459999084472656
}