{
    "temp_max": 16.920000076293945,
    "temp_min": 6.420000076293945,
    "temp_mitjana": 11.130000114440918
}