{
    "temp_max": 28.43000030517578,
    "temp_min": 13.770000457763672,
    "temp_mitjana": 19.6299991607666
}