{
    "temp_max": 16.479999542236328,
    "temp_min": 6.929999828338623,
    "temp_mitjana": 11.1899995803833
}