{
    "temp_max": 28.43000030517578,
    "temp_min": 13.420000076293945,
    "temp_mitjana": 19.459999084472656
}