{
    "temp_max": 18.68000030517578,
    "temp_min": 2.7699999809265137,
    "temp_mitjana": 9.670000076293945
}