{
    "temp_max": 26.31999969482422,
    "temp_min": 17.670000076293945,
    "temp_mitjana": 21.940000534057617
}