{
    "temp_max": 19.670000076293945,
    "temp_min": 4.480000019073486,
    "temp_mitjana": 11.550000190734863
}