{
    "temp_max": 14.470000267028809,
    "temp_min": 1.8799999952316284,
    "temp_mitjana": 10.300000190734863
}