{
    "temp_max": 18.56999969482422,
    "temp_min": 6.880000114440918,
    "temp_mitjana": 11.779999732971191
}