{
    "temp_max": 18.420000076293945,
    "temp_min": 0.7300000190734863,
    "temp_mitjana": 9.920000076293945
}