{
    "temp_max": 34.27000045776367,
    "temp_min": 23.3799991607666,
    "temp_mitjana": 27.829999923706055
}