{
    "temp_max": 26.280000686645508,
    "temp_min": 13.569999694824219,
    "temp_mitjana": 19.09000015258789
}