{
    "temp_max": 19.270000457763672,
    "temp_min": 6.21999979019165,
    "temp_mitjana": 12.25
}