{
    "temp_max": 15.170000076293945,
    "temp_min": 4.079999923706055,
    "temp_mitjana": 10.0600004196167
}