{
    "temp_max": 22.6299991607666,
    "temp_min": 12.130000114440918,
    "temp_mitjana": 18.31999969482422
}