{
    "temp_max": 15.180000305175781,
    "temp_min": 7.230000019073486,
    "temp_mitjana": 11.989999771118164
}