{
    "temp_max": 29.93000030517578,
    "temp_min": 20.68000030517578,
    "temp_mitjana": 24.510000228881836
}