{
    "temp_max": 16.280000686645508,
    "temp_min": 6.369999885559082,
    "temp_mitjana": 10.350000381469727
}