{
    "temp_max": 22.3799991607666,
    "temp_min": 10.479999542236328,
    "temp_mitjana": 17.31999969482422
}