{
    "temp_max": 35.58000183105469,
    "temp_min": 23.8799991607666,
    "temp_mitjana": 29.190000534057617
}