{
    "temp_max": 29.170000076293945,
    "temp_min": 16.530000686645508,
    "temp_mitjana": 22.530000686645508
}