{
    "temp_max": 24.719999313354492,
    "temp_min": 13.579999923706055,
    "temp_mitjana": 18.739999771118164
}