{
    "temp_max": 22.68000030517578,
    "temp_min": 13.220000267028809,
    "temp_mitjana": 16.920000076293945
}