{
    "temp_max": 29.8799991607666,
    "temp_min": 18.780000686645508,
    "temp_mitjana": 23.260000228881836
}