{
    "temp_max": 30.719999313354492,
    "temp_min": 18.6200008392334,
    "temp_mitjana": 24.190000534057617
}