{
    "temp_max": 20.770000457763672,
    "temp_min": 6.829999923706055,
    "temp_mitjana": 14.619999885559082
}