{
    "temp_max": 31.280000686645508,
    "temp_min": 19.3700008392334,
    "temp_mitjana": 26.260000228881836
}