{
    "temp_max": 16.81999969482422,
    "temp_min": 2.630000114440918,
    "temp_mitjana": 9.039999961853027
}