{
    "temp_max": 22.920000076293945,
    "temp_min": 9.680000305175781,
    "temp_mitjana": 17.510000228881836
}