{
    "temp_max": 37.279998779296875,
    "temp_min": 20.8700008392334,
    "temp_mitjana": 27.280000686645508
}