{
    "temp_max": 21.3700008392334,
    "temp_min": 11.619999885559082,
    "temp_mitjana": 16.3700008392334
}