{
    "temp_max": 23.31999969482422,
    "temp_min": 10.630000114440918,
    "temp_mitjana": 16.790000915527344
}