{
    "temp_max": 30.770000457763672,
    "temp_min": 20.3799991607666,
    "temp_mitjana": 25.709999084472656
}