{
    "temp_max": 13.779999732971191,
    "temp_min": 3.7799999713897705,
    "temp_mitjana": 10.430000305175781
}