{
    "temp_max": 16.270000457763672,
    "temp_min": 6.420000076293945,
    "temp_mitjana": 10.729999542236328
}