{
    "temp_max": 18.8700008392334,
    "temp_min": 6.519999980926514,
    "temp_mitjana": 11.539999961853027
}