{
    "temp_max": 29.3799991607666,
    "temp_min": 18.030000686645508,
    "temp_mitjana": 23.65999984741211
}