{
    "temp_max": 23.469999313354492,
    "temp_min": 13.520000457763672,
    "temp_mitjana": 18.8700008392334
}