{
    "temp_max": 19.31999969482422,
    "temp_min": 6.420000076293945,
    "temp_mitjana": 11.609999656677246
}