{
    "temp_max": 32.66999816894531,
    "temp_min": 23.56999969482422,
    "temp_mitjana": 27.829999923706055
}