{
    "temp_max": 19.31999969482422,
    "temp_min": 6.119999885559082,
    "temp_mitjana": 11.4399995803833
}