{
    "temp_max": 32.22999954223633,
    "temp_min": 18.170000076293945,
    "temp_mitjana": 24.1299991607666
}