{
    "temp_max": 14.970000267028809,
    "temp_min": 6.670000076293945,
    "temp_mitjana": 10.9399995803833
}