{
    "temp_max": 20.93000030517578,
    "temp_min": 8.520000457763672,
    "temp_mitjana": 14.880000114440918
}