{
    "temp_max": 32.93000030517578,
    "temp_min": 21.969999313354492,
    "temp_mitjana": 27.229999542236328
}