{
    "temp_max": 23.719999313354492,
    "temp_min": 8.470000267028809,
    "temp_mitjana": 15.880000114440918
}