{
    "temp_max": 34.58000183105469,
    "temp_min": 20.670000076293945,
    "temp_mitjana": 26.889999389648438
}