{
    "temp_max": 29.3799991607666,
    "temp_min": 18.020000457763672,
    "temp_mitjana": 22.600000381469727
}