{
    "temp_max": 30.18000030517578,
    "temp_min": 19.1299991607666,
    "temp_mitjana": 26.110000610351562
}