{
    "temp_max": 18.06999969482422,
    "temp_min": 7.070000171661377,
    "temp_mitjana": 12.119999885559082
}