{
    "temp_max": 14.920000076293945,
    "temp_min": 1.2799999713897705,
    "temp_mitjana": 8.729999542236328
}