{
    "temp_max": 33.470001220703125,
    "temp_min": 21.969999313354492,
    "temp_mitjana": 27.399999618530273
}