{
    "temp_max": 18.06999969482422,
    "temp_min": 5.380000114440918,
    "temp_mitjana": 12.0
}