{
    "temp_max": 29.56999969482422,
    "temp_min": 17.93000030517578,
    "temp_mitjana": 23.780000686645508
}