{
    "temp_max": 17.229999542236328,
    "temp_min": 5.429999828338623,
    "temp_mitjana": 10.899999618530273
}