{
    "temp_max": 21.520000457763672,
    "temp_min": 4.78000020980835,
    "temp_mitjana": 12.59000015258789
}