{
    "temp_max": 23.8700008392334,
    "temp_min": 7.480000019073486,
    "temp_mitjana": 15.960000038146973
}