{
    "temp_max": 28.1299991607666,
    "temp_min": 16.530000686645508,
    "temp_mitjana": 23.299999237060547
}