{
    "temp_max": 23.469999313354492,
    "temp_min": 12.170000076293945,
    "temp_mitjana": 17.65999984741211
}