{
    "temp_max": 19.43000030517578,
    "temp_min": 4.579999923706055,
    "temp_mitjana": 12.609999656677246
}