{
    "temp_max": 29.079999923706055,
    "temp_min": 17.56999969482422,
    "temp_mitjana": 22.549999237060547
}