{
    "temp_max": 20.06999969482422,
    "temp_min": 5.570000171661377,
    "temp_mitjana": 13.039999961853027
}