{
    "temp_max": 18.719999313354492,
    "temp_min": 8.619999885559082,
    "temp_mitjana": 12.90999984741211
}