{
    "temp_max": 32.279998779296875,
    "temp_min": 21.68000030517578,
    "temp_mitjana": 26.809999465942383
}