{
    "temp_max": 13.869999885559082,
    "temp_min": 3.7799999713897705,
    "temp_mitjana": 10.579999923706055
}