{
    "temp_max": 18.8700008392334,
    "temp_min": 2.0799999237060547,
    "temp_mitjana": 9.979999542236328
}