{
    "temp_max": 31.93000030517578,
    "temp_min": 20.170000076293945,
    "temp_mitjana": 25.34000015258789
}