{
    "temp_max": 31.229999542236328,
    "temp_min": 20.6200008392334,
    "temp_mitjana": 25.079999923706055
}