{
    "temp_max": 15.079999923706055,
    "temp_min": 5.070000171661377,
    "temp_mitjana": 9.420000076293945
}