{
    "temp_max": 32.31999969482422,
    "temp_min": 22.079999923706055,
    "temp_mitjana": 27.3700008392334
}