{
    "temp_max": 30.81999969482422,
    "temp_min": 20.6299991607666,
    "temp_mitjana": 25.559999465942383
}