{
    "temp_max": 30.3700008392334,
    "temp_min": 21.479999542236328,
    "temp_mitjana": 26.200000762939453
}