{
    "temp_max": 14.170000076293945,
    "temp_min": 2.5299999713897705,
    "temp_mitjana": 9.949999809265137
}