{
    "temp_max": 19.56999969482422,
    "temp_min": 6.980000019073486,
    "temp_mitjana": 13.489999771118164
}