{
    "temp_max": 27.979999542236328,
    "temp_min": 13.569999694824219,
    "temp_mitjana": 18.790000915527344
}