{
    "temp_max": 28.170000076293945,
    "temp_min": 11.029999732971191,
    "temp_mitjana": 19.049999237060547
}