{
    "temp_max": 31.93000030517578,
    "temp_min": 18.06999969482422,
    "temp_mitjana": 24.260000228881836
}