{
    "temp_max": 32.02000045776367,
    "temp_min": 18.770000457763672,
    "temp_mitjana": 24.719999313354492
}