{
    "temp_max": 33.93000030517578,
    "temp_min": 20.670000076293945,
    "temp_mitjana": 26.31999969482422
}