{
    "temp_max": 31.729999542236328,
    "temp_min": 23.3700008392334,
    "temp_mitjana": 27.299999237060547
}