{
    "temp_max": 15.220000267028809,
    "temp_min": 4.079999923706055,
    "temp_mitjana": 10.039999961853027
}