{
    "temp_max": 18.770000457763672,
    "temp_min": 3.4200000762939453,
    "temp_mitjana": 9.869999885559082
}