{
    "temp_max": 19.270000457763672,
    "temp_min": 7.880000114440918,
    "temp_mitjana": 12.579999923706055
}