{
    "temp_max": 28.420000076293945,
    "temp_min": 18.1200008392334,
    "temp_mitjana": 22.84000015258789
}