{
    "temp_max": 23.079999923706055,
    "temp_min": 12.770000457763672,
    "temp_mitjana": 18.030000686645508
}