{
    "temp_max": 31.8700008392334,
    "temp_min": 22.1299991607666,
    "temp_mitjana": 26.75
}