{
    "temp_max": 32.08000183105469,
    "temp_min": 22.770000457763672,
    "temp_mitjana": 27.389999389648438
}