{
    "temp_max": 35.02000045776367,
    "temp_min": 22.229999542236328,
    "temp_mitjana": 28.229999542236328
}