{
    "temp_max": 33.02000045776367,
    "temp_min": 21.68000030517578,
    "temp_mitjana": 27.34000015258789
}