{
    "temp_max": 23.31999969482422,
    "temp_min": 11.819999694824219,
    "temp_mitjana": 17.809999465942383
}