{
    "temp_max": 29.280000686645508,
    "temp_min": 18.170000076293945,
    "temp_mitjana": 22.56999969482422
}