{
    "temp_max": 20.719999313354492,
    "temp_min": 6.679999828338623,
    "temp_mitjana": 14.649999618530273
}