{
    "temp_max": 18.479999542236328,
    "temp_min": 5.78000020980835,
    "temp_mitjana": 12.5
}