{
    "temp_max": 32.52000045776367,
    "temp_min": 23.1200008392334,
    "temp_mitjana": 27.690000534057617
}