{
    "temp_max": 27.969999313354492,
    "temp_min": 16.969999313354492,
    "temp_mitjana": 22.139999389648438
}