{
    "temp_max": 26.829999923706055,
    "temp_min": 13.069999694824219,
    "temp_mitjana": 19.790000915527344
}