{
    "temp_max": 18.520000457763672,
    "temp_min": 2.1700000762939453,
    "temp_mitjana": 10.170000076293945
}