{
    "temp_max": 30.56999969482422,
    "temp_min": 20.020000457763672,
    "temp_mitjana": 24.6200008392334
}