{
    "temp_max": 34.31999969482422,
    "temp_min": 22.31999969482422,
    "temp_mitjana": 27.0
}