{
    "temp_max": 30.1299991607666,
    "temp_min": 19.06999969482422,
    "temp_mitjana": 24.15999984741211
}