{
    "temp_max": 16.3700008392334,
    "temp_min": 4.03000020980835,
    "temp_mitjana": 9.699999809265137
}