{
    "temp_max": 35.779998779296875,
    "temp_min": 22.479999542236328,
    "temp_mitjana": 29.09000015258789
}