{
    "temp_max": 16.719999313354492,
    "temp_min": 4.78000020980835,
    "temp_mitjana": 10.520000457763672
}