{
    "temp_max": 26.8700008392334,
    "temp_min": 16.969999313354492,
    "temp_mitjana": 21.709999084472656
}