{
    "temp_max": 29.93000030517578,
    "temp_min": 19.920000076293945,
    "temp_mitjana": 24.610000610351562
}