{
    "temp_max": 23.780000686645508,
    "temp_min": 13.970000267028809,
    "temp_mitjana": 19.459999084472656
}