{
    "temp_max": 15.569999694824219,
    "temp_min": 7.070000171661377,
    "temp_mitjana": 10.800000190734863
}