{
    "temp_max": 31.18000030517578,
    "temp_min": 17.81999969482422,
    "temp_mitjana": 23.68000030517578
}