{
    "temp_max": 32.0,
    "temp_min": 22.770000457763672,
    "temp_mitjana": 27.350000381469727
}