{
    "temp_max": 25.6200008392334,
    "temp_min": 13.770000457763672,
    "temp_mitjana": 19.5
}