{
    "temp_max": 29.170000076293945,
    "temp_min": 18.469999313354492,
    "temp_mitjana": 23.700000762939453
}