{
    "temp_max": 23.420000076293945,
    "temp_min": 9.380000114440918,
    "temp_mitjana": 16.420000076293945
}