{
    "temp_max": 24.219999313354492,
    "temp_min": 9.970000267028809,
    "temp_mitjana": 17.030000686645508
}