{
    "temp_max": 17.81999969482422,
    "temp_min": 7.670000076293945,
    "temp_mitjana": 12.15999984741211
}