{
    "temp_max": 32.22999954223633,
    "temp_min": 23.030000686645508,
    "temp_mitjana": 27.489999771118164
}