{
    "temp_max": 15.270000457763672,
    "temp_min": 5.869999885559082,
    "temp_mitjana": 10.199999809265137
}