{
    "temp_max": 21.670000076293945,
    "temp_min": 7.670000076293945,
    "temp_mitjana": 13.359999656677246
}