{
    "temp_max": 28.530000686645508,
    "temp_min": 13.319999694824219,
    "temp_mitjana": 19.459999084472656
}