{
    "temp_max": 22.6299991607666,
    "temp_min": 13.670000076293945,
    "temp_mitjana": 17.68000030517578
}