{
    "temp_max": 21.979999542236328,
    "temp_min": 9.979999542236328,
    "temp_mitjana": 16.459999084472656
}