{
    "temp_max": 18.31999969482422,
    "temp_min": 6.519999980926514,
    "temp_mitjana": 11.619999885559082
}