{
    "temp_max": 36.779998779296875,
    "temp_min": 20.920000076293945,
    "temp_mitjana": 28.06999969482422
}