{
    "temp_max": 31.329999923706055,
    "temp_min": 17.719999313354492,
    "temp_mitjana": 23.579999923706055
}