{
    "temp_max": 14.479999542236328,
    "temp_min": 2.319999933242798,
    "temp_mitjana": 7.320000171661377
}