{
    "temp_max": 21.1299991607666,
    "temp_min": 8.720000267028809,
    "temp_mitjana": 14.300000190734863
}