{
    "temp_max": 32.58000183105469,
    "temp_min": 22.1299991607666,
    "temp_mitjana": 27.56999969482422
}