{
    "temp_max": 24.170000076293945,
    "temp_min": 11.119999885559082,
    "temp_mitjana": 16.90999984741211
}