{
    "temp_max": 33.220001220703125,
    "temp_min": 22.6200008392334,
    "temp_mitjana": 27.920000076293945
}