{
    "temp_max": 16.719999313354492,
    "temp_min": 3.369999885559082,
    "temp_mitjana": 8.920000076293945
}