{
    "temp_max": 23.979999542236328,
    "temp_min": 12.720000267028809,
    "temp_mitjana": 18.219999313354492
}