{
    "temp_max": 14.720000267028809,
    "temp_min": 4.03000020980835,
    "temp_mitjana": 9.569999694824219
}