{
    "temp_max": 24.979999542236328,
    "temp_min": 10.670000076293945,
    "temp_mitjana": 17.270000457763672
}