{
    "temp_max": 27.81999969482422,
    "temp_min": 11.430000305175781,
    "temp_mitjana": 21.079999923706055
}