{
    "temp_max": 21.1299991607666,
    "temp_min": 9.029999732971191,
    "temp_mitjana": 14.34000015258789
}