{
    "temp_max": 28.280000686645508,
    "temp_min": 15.569999694824219,
    "temp_mitjana": 21.18000030517578
}