{
    "temp_max": 23.219999313354492,
    "temp_min": 14.180000305175781,
    "temp_mitjana": 18.75
}