{
    "temp_max": 19.06999969482422,
    "temp_min": 2.0299999713897705,
    "temp_mitjana": 10.079999923706055
}