{
    "temp_max": 28.56999969482422,
    "temp_min": 18.3700008392334,
    "temp_mitjana": 22.959999084472656
}