{
    "temp_max": 31.479999542236328,
    "temp_min": 20.770000457763672,
    "temp_mitjana": 25.889999389648438
}