{
    "temp_max": 31.520000457763672,
    "temp_min": 19.18000030517578,
    "temp_mitjana": 24.850000381469727
}