{
    "temp_max": 21.670000076293945,
    "temp_min": 13.520000457763672,
    "temp_mitjana": 17.770000457763672
}