{
    "temp_max": 14.520000457763672,
    "temp_min": 1.0299999713897705,
    "temp_mitjana": 9.020000457763672
}