{
    "temp_max": 20.6200008392334,
    "temp_min": 7.230000019073486,
    "temp_mitjana": 14.760000228881836
}