{
    "temp_max": 23.729999542236328,
    "temp_min": 10.520000457763672,
    "temp_mitjana": 16.25
}