{
    "temp_max": 27.729999542236328,
    "temp_min": 13.569999694824219,
    "temp_mitjana": 19.40999984741211
}