{
    "temp_max": 30.530000686645508,
    "temp_min": 20.719999313354492,
    "temp_mitjana": 25.09000015258789
}