{
    "temp_max": 25.280000686645508,
    "temp_min": 9.270000457763672,
    "temp_mitjana": 17.149999618530273
}