{
    "temp_max": 28.719999313354492,
    "temp_min": 20.3700008392334,
    "temp_mitjana": 24.329999923706055
}