{
    "temp_max": 23.719999313354492,
    "temp_min": 9.770000457763672,
    "temp_mitjana": 16.809999465942383
}