{
    "temp_max": 28.530000686645508,
    "temp_min": 13.170000076293945,
    "temp_mitjana": 19.290000915527344
}