{
    "temp_max": 26.81999969482422,
    "temp_min": 9.720000267028809,
    "temp_mitjana": 17.639999389648438
}