{
    "temp_max": 14.720000267028809,
    "temp_min": 1.5800000429153442,
    "temp_mitjana": 10.180000305175781
}