{
    "temp_max": 23.56999969482422,
    "temp_min": 12.270000457763672,
    "temp_mitjana": 17.440000534057617
}