{
    "temp_max": 31.18000030517578,
    "temp_min": 18.770000457763672,
    "temp_mitjana": 24.729999542236328
}