{
    "temp_max": 29.56999969482422,
    "temp_min": 18.81999969482422,
    "temp_mitjana": 23.649999618530273
}