{
    "temp_max": 18.469999313354492,
    "temp_min": 1.0800000429153442,
    "temp_mitjana": 12.260000228881836
}