{
    "temp_max": 15.020000457763672,
    "temp_min": 6.619999885559082,
    "temp_mitjana": 10.920000076293945
}