{
    "temp_max": 27.479999542236328,
    "temp_min": 13.319999694824219,
    "temp_mitjana": 19.8700008392334
}