{
    "temp_max": 32.22999954223633,
    "temp_min": 21.68000030517578,
    "temp_mitjana": 26.760000228881836
}