{
    "temp_max": 24.469999313354492,
    "temp_min": 15.180000305175781,
    "temp_mitjana": 19.479999542236328
}