{
    "temp_max": 29.81999969482422,
    "temp_min": 15.180000305175781,
    "temp_mitjana": 20.09000015258789
}