{
    "temp_max": 21.280000686645508,
    "temp_min": 12.529999732971191,
    "temp_mitjana": 16.989999771118164
}