{
    "temp_max": 18.1200008392334,
    "temp_min": 4.070000171661377,
    "temp_mitjana": 10.170000076293945
}