{
    "temp_max": 26.469999313354492,
    "temp_min": 11.979999542236328,
    "temp_mitjana": 21.049999237060547
}