{
    "temp_max": 17.8700008392334,
    "temp_min": 1.2300000190734863,
    "temp_mitjana": 9.300000190734863
}