{
    "temp_max": 23.520000457763672,
    "temp_min": 10.770000457763672,
    "temp_mitjana": 16.600000381469727
}