{
    "temp_max": 32.41999816894531,
    "temp_min": 23.329999923706055,
    "temp_mitjana": 27.489999771118164
}