{
    "temp_max": 29.229999542236328,
    "temp_min": 16.729999542236328,
    "temp_mitjana": 23.299999237060547
}