{
    "temp_max": 15.430000305175781,
    "temp_min": 5.820000171661377,
    "temp_mitjana": 10.329999923706055
}