{
    "temp_max": 28.729999542236328,
    "temp_min": 17.979999542236328,
    "temp_mitjana": 23.81999969482422
}