{
    "temp_max": 17.6200008392334,
    "temp_min": 7.420000076293945,
    "temp_mitjana": 12.460000038146973
}