{
    "temp_max": 16.06999969482422,
    "temp_min": 8.319999694824219,
    "temp_mitjana": 13.0
}