{
    "temp_max": 21.31999969482422,
    "temp_min": 6.78000020980835,
    "temp_mitjana": 15.09000015258789
}