{
    "temp_max": 29.329999923706055,
    "temp_min": 18.8799991607666,
    "temp_mitjana": 24.18000030517578
}