{
    "temp_max": 19.93000030517578,
    "temp_min": 6.619999885559082,
    "temp_mitjana": 13.399999618530273
}