{
    "temp_max": 33.970001220703125,
    "temp_min": 22.18000030517578,
    "temp_mitjana": 28.010000228881836
}