{
    "temp_max": 20.079999923706055,
    "temp_min": 7.429999828338623,
    "temp_mitjana": 12.65999984741211
}