{
    "temp_max": 37.130001068115234,
    "temp_min": 22.469999313354492,
    "temp_mitjana": 28.09000015258789
}