{
    "temp_max": 17.920000076293945,
    "temp_min": 5.829999923706055,
    "temp_mitjana": 11.949999809265137
}