{
    "temp_max": 23.829999923706055,
    "temp_min": 13.420000076293945,
    "temp_mitjana": 18.030000686645508
}