{
    "temp_max": 27.8799991607666,
    "temp_min": 13.819999694824219,
    "temp_mitjana": 19.899999618530273
}