{
    "temp_max": 35.630001068115234,
    "temp_min": 22.1299991607666,
    "temp_mitjana": 27.670000076293945
}