{
    "temp_max": 19.170000076293945,
    "temp_min": 8.270000457763672,
    "temp_mitjana": 12.640000343322754
}