{
    "temp_max": 16.420000076293945,
    "temp_min": 7.170000076293945,
    "temp_mitjana": 10.920000076293945
}