{
    "temp_max": 35.72999954223633,
    "temp_min": 22.170000076293945,
    "temp_mitjana": 28.0
}