{
    "temp_max": 33.22999954223633,
    "temp_min": 19.170000076293945,
    "temp_mitjana": 25.93000030517578
}