{
    "temp_max": 18.469999313354492,
    "temp_min": 2.819999933242798,
    "temp_mitjana": 10.079999923706055
}