{
    "temp_max": 34.720001220703125,
    "temp_min": 21.1200008392334,
    "temp_mitjana": 27.079999923706055
}