{
    "temp_max": 16.280000686645508,
    "temp_min": 4.28000020980835,
    "temp_mitjana": 10.109999656677246
}