{
    "temp_max": 16.18000030517578,
    "temp_min": 6.320000171661377,
    "temp_mitjana": 10.520000457763672
}