{
    "temp_max": 13.520000457763672,
    "temp_min": -0.7200000286102295,
    "temp_mitjana": 7.420000076293945
}