{
    "temp_max": 17.530000686645508,
    "temp_min": 4.019999980926514,
    "temp_mitjana": 11.25
}