{
    "temp_max": 25.579999923706055,
    "temp_min": 16.270000457763672,
    "temp_mitjana": 20.510000228881836
}