{
    "temp_max": 18.6200008392334,
    "temp_min": 0.3799999952316284,
    "temp_mitjana": 11.859999656677246
}