{
    "temp_max": 12.720000267028809,
    "temp_min": 0.6299999952316284,
    "temp_mitjana": 6.510000228881836
}