{
    "temp_max": 34.47999954223633,
    "temp_min": 22.530000686645508,
    "temp_mitjana": 27.68000030517578
}