{
    "temp_max": 23.6200008392334,
    "temp_min": 12.170000076293945,
    "temp_mitjana": 17.3700008392334
}