{
    "temp_max": 18.8700008392334,
    "temp_min": 8.369999885559082,
    "temp_mitjana": 12.630000114440918
}