{
    "temp_max": 27.420000076293945,
    "temp_min": 17.479999542236328,
    "temp_mitjana": 22.690000534057617
}