{
    "temp_max": 23.8799991607666,
    "temp_min": 10.520000457763672,
    "temp_mitjana": 16.290000915527344
}