{
    "temp_max": 23.469999313354492,
    "temp_min": 13.619999885559082,
    "temp_mitjana": 18.809999465942383
}