{
    "temp_max": 29.079999923706055,
    "temp_min": 17.219999313354492,
    "temp_mitjana": 22.719999313354492
}