{
    "temp_max": 15.270000457763672,
    "temp_min": 5.929999828338623,
    "temp_mitjana": 10.34000015258789
}