{
    "temp_max": 31.479999542236328,
    "temp_min": 20.56999969482422,
    "temp_mitjana": 25.8700008392334
}