{
    "temp_max": 30.270000457763672,
    "temp_min": 18.270000457763672,
    "temp_mitjana": 24.209999084472656
}