{
    "temp_max": 24.1200008392334,
    "temp_min": 11.229999542236328,
    "temp_mitjana": 17.079999923706055
}