{
    "temp_max": 27.469999313354492,
    "temp_min": 17.770000457763672,
    "temp_mitjana": 22.739999771118164
}