{
    "temp_max": 25.579999923706055,
    "temp_min": 10.119999885559082,
    "temp_mitjana": 17.280000686645508
}