{
    "temp_max": 27.219999313354492,
    "temp_min": 18.229999542236328,
    "temp_mitjana": 22.270000457763672
}