{
    "temp_max": 25.43000030517578,
    "temp_min": 14.279999732971191,
    "temp_mitjana": 19.600000381469727
}