{
    "temp_max": 26.1299991607666,
    "temp_min": 11.020000457763672,
    "temp_mitjana": 17.5
}