{
    "temp_max": 28.43000030517578,
    "temp_min": 11.369999885559082,
    "temp_mitjana": 18.489999771118164
}