{
    "temp_max": 29.469999313354492,
    "temp_min": 19.030000686645508,
    "temp_mitjana": 24.18000030517578
}