{
    "temp_max": 31.93000030517578,
    "temp_min": 18.170000076293945,
    "temp_mitjana": 24.290000915527344
}