{
    "temp_max": 28.81999969482422,
    "temp_min": 19.18000030517578,
    "temp_mitjana": 23.920000076293945
}