{
    "temp_max": 29.020000457763672,
    "temp_min": 18.31999969482422,
    "temp_mitjana": 24.06999969482422
}