{
    "temp_max": 24.31999969482422,
    "temp_min": 12.979999542236328,
    "temp_mitjana": 19.420000076293945
}