{
    "temp_max": 32.720001220703125,
    "temp_min": 22.079999923706055,
    "temp_mitjana": 27.389999389648438
}