{
    "temp_max": 25.6299991607666,
    "temp_min": 10.770000457763672,
    "temp_mitjana": 17.399999618530273
}