{
    "temp_max": 25.81999969482422,
    "temp_min": 13.470000267028809,
    "temp_mitjana": 18.520000457763672
}