{
    "temp_max": 18.030000686645508,
    "temp_min": 7.320000171661377,
    "temp_mitjana": 11.239999771118164
}