{
    "temp_max": 28.670000076293945,
    "temp_min": 18.31999969482422,
    "temp_mitjana": 22.520000457763672
}