{
    "temp_max": 16.170000076293945,
    "temp_min": 3.680000066757202,
    "temp_mitjana": 10.34000015258789
}