{
    "temp_max": 16.969999313354492,
    "temp_min": 1.4299999475479126,
    "temp_mitjana": 9.09000015258789
}