{
    "temp_max": 20.780000686645508,
    "temp_min": 5.369999885559082,
    "temp_mitjana": 11.140000343322754
}