{
    "temp_max": 22.270000457763672,
    "temp_min": 8.130000114440918,
    "temp_mitjana": 16.030000686645508
}