{
    "temp_max": 15.220000267028809,
    "temp_min": 4.28000020980835,
    "temp_mitjana": 10.029999732971191
}