{
    "temp_max": 14.220000267028809,
    "temp_min": 1.0199999809265137,
    "temp_mitjana": 7.019999980926514
}