{
    "temp_max": 24.469999313354492,
    "temp_min": 13.680000305175781,
    "temp_mitjana": 19.43000030517578
}