{
    "temp_max": 16.3799991607666,
    "temp_min": 2.069999933242798,
    "temp_mitjana": 8.039999961853027
}