{
    "temp_max": 15.779999732971191,
    "temp_min": 4.619999885559082,
    "temp_mitjana": 9.569999694824219
}