{
    "temp_max": 28.479999542236328,
    "temp_min": 18.1200008392334,
    "temp_mitjana": 22.940000534057617
}