{
    "temp_max": 20.56999969482422,
    "temp_min": 12.470000267028809,
    "temp_mitjana": 16.770000457763672
}