{
    "temp_max": 35.22999954223633,
    "temp_min": 22.170000076293945,
    "temp_mitjana": 27.65999984741211
}