{
    "temp_max": 18.270000457763672,
    "temp_min": 2.5199999809265137,
    "temp_mitjana": 10.279999732971191
}