{
    "temp_max": 29.020000457763672,
    "temp_min": 17.920000076293945,
    "temp_mitjana": 23.329999923706055
}