{
    "temp_max": 15.630000114440918,
    "temp_min": 7.519999980926514,
    "temp_mitjana": 11.149999618530273
}