{
    "temp_max": 30.329999923706055,
    "temp_min": 19.93000030517578,
    "temp_mitjana": 25.229999542236328
}