{
    "temp_max": 19.020000457763672,
    "temp_min": 5.28000020980835,
    "temp_mitjana": 12.800000190734863
}