{
    "temp_max": 15.369999885559082,
    "temp_min": 4.369999885559082,
    "temp_mitjana": 10.210000038146973
}