{
    "temp_max": 18.56999969482422,
    "temp_min": 7.079999923706055,
    "temp_mitjana": 11.720000267028809
}