{
    "temp_max": 33.130001068115234,
    "temp_min": 23.56999969482422,
    "temp_mitjana": 27.8799991607666
}