{
    "temp_max": 23.219999313354492,
    "temp_min": 13.329999923706055,
    "temp_mitjana": 18.56999969482422
}