{
    "temp_max": 35.02000045776367,
    "temp_min": 22.719999313354492,
    "temp_mitjana": 28.40999984741211
}