{
    "temp_max": 31.670000076293945,
    "temp_min": 23.43000030517578,
    "temp_mitjana": 27.389999389648438
}