{
    "temp_max": 31.06999969482422,
    "temp_min": 19.530000686645508,
    "temp_mitjana": 25.520000457763672
}