{
    "temp_max": 16.420000076293945,
    "temp_min": 2.2300000190734863,
    "temp_mitjana": 10.149999618530273
}