{
    "temp_max": 32.22999954223633,
    "temp_min": 22.780000686645508,
    "temp_mitjana": 27.43000030517578
}