{
    "temp_max": 19.43000030517578,
    "temp_min": 4.579999923706055,
    "temp_mitjana": 12.539999961853027
}