{
    "temp_max": 14.520000457763672,
    "temp_min": 5.820000171661377,
    "temp_mitjana": 10.130000114440918
}