{
    "temp_max": 20.770000457763672,
    "temp_min": 9.130000114440918,
    "temp_mitjana": 15.279999732971191
}