{
    "temp_max": 19.8799991607666,
    "temp_min": 5.070000171661377,
    "temp_mitjana": 13.539999961853027
}