{
    "temp_max": 19.68000030517578,
    "temp_min": 7.130000114440918,
    "temp_mitjana": 12.510000228881836
}