{
    "temp_max": 20.06999969482422,
    "temp_min": 4.480000019073486,
    "temp_mitjana": 11.680000305175781
}