{
    "temp_max": 16.3799991607666,
    "temp_min": 2.119999885559082,
    "temp_mitjana": 7.880000114440918
}