{
    "temp_max": 31.1200008392334,
    "temp_min": 18.770000457763672,
    "temp_mitjana": 24.5
}