{
    "temp_max": 22.719999313354492,
    "temp_min": 9.970000267028809,
    "temp_mitjana": 15.9399995803833
}