{
    "temp_max": 29.270000457763672,
    "temp_min": 19.030000686645508,
    "temp_mitjana": 24.190000534057617
}