{
    "temp_max": 35.630001068115234,
    "temp_min": 17.8700008392334,
    "temp_mitjana": 24.030000686645508
}