{
    "temp_max": 28.969999313354492,
    "temp_min": 19.170000076293945,
    "temp_mitjana": 24.219999313354492
}