{
    "temp_max": 23.8700008392334,
    "temp_min": 11.779999732971191,
    "temp_mitjana": 18.860000610351562
}