{
    "temp_max": 26.1299991607666,
    "temp_min": 14.020000457763672,
    "temp_mitjana": 20.06999969482422
}