{
    "temp_max": 23.219999313354492,
    "temp_min": 10.029999732971191,
    "temp_mitjana": 16.190000534057617
}