{
    "temp_max": 21.520000457763672,
    "temp_min": 13.329999923706055,
    "temp_mitjana": 17.420000076293945
}