{
    "temp_max": 23.670000076293945,
    "temp_min": 12.979999542236328,
    "temp_mitjana": 19.389999389648438
}