{
    "temp_max": 18.420000076293945,
    "temp_min": 6.880000114440918,
    "temp_mitjana": 12.329999923706055
}