{
    "temp_max": 30.1299991607666,
    "temp_min": 18.020000457763672,
    "temp_mitjana": 22.950000762939453
}