{
    "temp_max": 15.270000457763672,
    "temp_min": 1.7300000190734863,
    "temp_mitjana": 9.640000343322754
}