{
    "temp_max": 21.170000076293945,
    "temp_min": 13.029999732971191,
    "temp_mitjana": 16.979999542236328
}