{
    "temp_max": 18.6200008392334,
    "temp_min": 7.619999885559082,
    "temp_mitjana": 12.630000114440918
}