{
    "temp_max": 28.43000030517578,
    "temp_min": 13.520000457763672,
    "temp_mitjana": 19.5
}