{
    "temp_max": 19.1200008392334,
    "temp_min": 7.53000020980835,
    "temp_mitjana": 13.1899995803833
}