{
    "temp_max": 16.020000457763672,
    "temp_min": 5.679999828338623,
    "temp_mitjana": 11.949999809265137
}