{
    "temp_max": 27.030000686645508,
    "temp_min": 14.970000267028809,
    "temp_mitjana": 20.229999542236328
}