{
    "temp_max": 21.8799991607666,
    "temp_min": 6.519999980926514,
    "temp_mitjana": 13.949999809265137
}