{
    "temp_max": 28.8700008392334,
    "temp_min": 18.770000457763672,
    "temp_mitjana": 23.280000686645508
}