{
    "temp_max": 18.8700008392334,
    "temp_min": 1.0299999713897705,
    "temp_mitjana": 10.210000038146973
}