{
    "temp_max": 16.8799991607666,
    "temp_min": 6.21999979019165,
    "temp_mitjana": 11.479999542236328
}