{
    "temp_max": 28.3700008392334,
    "temp_min": 18.670000076293945,
    "temp_mitjana": 23.309999465942383
}