{
    "temp_max": 18.56999969482422,
    "temp_min": 7.099999904632568,
    "temp_mitjana": 12.710000038146973
}