{
    "temp_max": 28.8700008392334,
    "temp_min": 17.469999313354492,
    "temp_mitjana": 24.309999465942383
}