{
    "temp_max": 34.529998779296875,
    "temp_min": 21.469999313354492,
    "temp_mitjana": 27.280000686645508
}