{
    "temp_max": 12.920000076293945,
    "temp_min": 3.630000114440918,
    "temp_mitjana": 8.369999885559082
}