{
    "temp_max": 31.030000686645508,
    "temp_min": 22.31999969482422,
    "temp_mitjana": 26.700000762939453
}