{
    "temp_max": 13.369999885559082,
    "temp_min": 2.0299999713897705,
    "temp_mitjana": 9.329999923706055
}