{
    "temp_max": 15.819999694824219,
    "temp_min": 7.21999979019165,
    "temp_mitjana": 10.6899995803833
}