{
    "temp_max": 17.3700008392334,
    "temp_min": 7.429999828338623,
    "temp_mitjana": 12.25
}