{
    "temp_max": 28.06999969482422,
    "temp_min": 18.3700008392334,
    "temp_mitjana": 23.420000076293945
}