{
    "temp_max": 30.1299991607666,
    "temp_min": 15.619999885559082,
    "temp_mitjana": 21.770000457763672
}