{
    "temp_max": 12.220000267028809,
    "temp_min": -0.3700000047683716,
    "temp_mitjana": 6.5
}