{
    "temp_max": 19.729999542236328,
    "temp_min": 5.519999980926514,
    "temp_mitjana": 10.699999809265137
}