{
    "temp_max": 32.18000030517578,
    "temp_min": 22.8700008392334,
    "temp_mitjana": 26.979999542236328
}