{
    "temp_max": 29.219999313354492,
    "temp_min": 19.229999542236328,
    "temp_mitjana": 23.59000015258789
}