{
    "temp_max": 13.569999694824219,
    "temp_min": -0.11999999731779099,
    "temp_mitjana": 7.590000152587891
}