{
    "temp_max": 28.8700008392334,
    "temp_min": 17.579999923706055,
    "temp_mitjana": 23.149999618530273
}