{
    "temp_max": 20.229999542236328,
    "temp_min": 11.729999542236328,
    "temp_mitjana": 16.5
}