{
    "temp_max": 26.31999969482422,
    "temp_min": 13.229999542236328,
    "temp_mitjana": 20.010000228881836
}