{
    "temp_max": 13.420000076293945,
    "temp_min": 3.680000066757202,
    "temp_mitjana": 10.239999771118164
}