{
    "temp_max": 13.069999694824219,
    "temp_min": 4.53000020980835,
    "temp_mitjana": 9.210000038146973
}