{
    "temp_max": 28.43000030517578,
    "temp_min": 13.220000267028809,
    "temp_mitjana": 19.209999084472656
}