{
    "temp_max": 26.229999542236328,
    "temp_min": 10.970000267028809,
    "temp_mitjana": 17.81999969482422
}