{
    "temp_max": 31.1200008392334,
    "temp_min": 18.079999923706055,
    "temp_mitjana": 23.420000076293945
}