{
    "temp_max": 21.1200008392334,
    "temp_min": 11.470000267028809,
    "temp_mitjana": 16.479999542236328
}