{
    "temp_max": 20.3799991607666,
    "temp_min": 7.480000019073486,
    "temp_mitjana": 12.720000267028809
}