{
    "temp_max": 37.16999816894531,
    "temp_min": 21.1299991607666,
    "temp_mitjana": 28.200000762939453
}