{
    "temp_max": 31.1200008392334,
    "temp_min": 19.18000030517578,
    "temp_mitjana": 24.559999465942383
}