{
    "temp_max": 32.720001220703125,
    "temp_min": 21.979999542236328,
    "temp_mitjana": 26.790000915527344
}