{
    "temp_max": 32.869998931884766,
    "temp_min": 22.979999542236328,
    "temp_mitjana": 27.34000015258789
}