{
    "temp_max": 34.72999954223633,
    "temp_min": 20.719999313354492,
    "temp_mitjana": 26.75
}