{
    "temp_max": 18.530000686645508,
    "temp_min": 6.769999980926514,
    "temp_mitjana": 12.210000038146973
}