{
    "temp_max": 18.8799991607666,
    "temp_min": 8.180000305175781,
    "temp_mitjana": 12.75
}