{
    "temp_max": 23.31999969482422,
    "temp_min": 10.630000114440918,
    "temp_mitjana": 17.079999923706055
}