{
    "temp_max": 23.31999969482422,
    "temp_min": 9.380000114440918,
    "temp_mitjana": 16.399999618530273
}