{
    "temp_max": 24.43000030517578,
    "temp_min": 13.220000267028809,
    "temp_mitjana": 18.850000381469727
}