{
    "temp_max": 14.920000076293945,
    "temp_min": 4.03000020980835,
    "temp_mitjana": 10.260000228881836
}