{
    "temp_max": 18.3799991607666,
    "temp_min": 7.679999828338623,
    "temp_mitjana": 12.319999694824219
}