{
    "temp_max": 34.72999954223633,
    "temp_min": 22.670000076293945,
    "temp_mitjana": 27.739999771118164
}