{
    "temp_max": 32.22999954223633,
    "temp_min": 19.270000457763672,
    "temp_mitjana": 24.469999313354492
}