{
    "temp_max": 19.229999542236328,
    "temp_min": 6.78000020980835,
    "temp_mitjana": 12.640000343322754
}