{
    "temp_max": 24.420000076293945,
    "temp_min": 6.929999828338623,
    "temp_mitjana": 15.680000305175781
}