{
    "temp_max": 16.079999923706055,
    "temp_min": 2.1700000762939453,
    "temp_mitjana": 7.699999809265137
}