{
    "temp_max": 30.969999313354492,
    "temp_min": 20.6200008392334,
    "temp_mitjana": 25.450000762939453
}