{
    "temp_max": 18.3700008392334,
    "temp_min": 6.21999979019165,
    "temp_mitjana": 12.609999656677246
}