{
    "temp_max": 23.229999542236328,
    "temp_min": 10.170000076293945,
    "temp_mitjana": 16.579999923706055
}