{
    "temp_max": 28.969999313354492,
    "temp_min": 18.06999969482422,
    "temp_mitjana": 22.469999313354492
}