{
    "temp_max": 19.93000030517578,
    "temp_min": 6.570000171661377,
    "temp_mitjana": 13.640000343322754
}