{
    "temp_max": 26.8700008392334,
    "temp_min": 17.219999313354492,
    "temp_mitjana": 22.149999618530273
}