{
    "temp_max": 31.31999969482422,
    "temp_min": 22.020000457763672,
    "temp_mitjana": 26.469999313354492
}