{
    "temp_max": 23.81999969482422,
    "temp_min": 9.479999542236328,
    "temp_mitjana": 16.899999618530273
}