{
    "temp_max": 19.31999969482422,
    "temp_min": 6.070000171661377,
    "temp_mitjana": 11.630000114440918
}