{
    "temp_max": 22.6299991607666,
    "temp_min": 13.930000305175781,
    "temp_mitjana": 17.68000030517578
}