{
    "temp_max": 25.579999923706055,
    "temp_min": 10.270000457763672,
    "temp_mitjana": 17.219999313354492
}