{
    "temp_max": 23.520000457763672,
    "temp_min": 10.220000267028809,
    "temp_mitjana": 16.93000030517578
}