{
    "temp_max": 14.670000076293945,
    "temp_min": 4.929999828338623,
    "temp_mitjana": 10.550000190734863
}