{
    "temp_max": 23.469999313354492,
    "temp_min": 11.970000267028809,
    "temp_mitjana": 17.649999618530273
}