{
    "temp_max": 24.1299991607666,
    "temp_min": 10.869999885559082,
    "temp_mitjana": 16.950000762939453
}