{
    "temp_max": 30.56999969482422,
    "temp_min": 21.1200008392334,
    "temp_mitjana": 25.719999313354492
}