{
    "temp_max": 30.1200008392334,
    "temp_min": 20.219999313354492,
    "temp_mitjana": 25.049999237060547
}