{
    "temp_max": 33.77000045776367,
    "temp_min": 22.329999923706055,
    "temp_mitjana": 27.360000610351562
}