{
    "temp_max": 25.229999542236328,
    "temp_min": 12.170000076293945,
    "temp_mitjana": 17.43000030517578
}