{
    "temp_max": 20.329999923706055,
    "temp_min": 6.71999979019165,
    "temp_mitjana": 13.770000457763672
}