{
    "temp_max": 14.369999885559082,
    "temp_min": 0.8299999833106995,
    "temp_mitjana": 9.4399995803833
}