{
    "temp_max": 36.630001068115234,
    "temp_min": 20.479999542236328,
    "temp_mitjana": 28.09000015258789
}