{
    "temp_max": 23.829999923706055,
    "temp_min": 9.670000076293945,
    "temp_mitjana": 16.549999237060547
}