{
    "temp_max": 25.3700008392334,
    "temp_min": 9.720000267028809,
    "temp_mitjana": 16.649999618530273
}