{
    "temp_max": 18.06999969482422,
    "temp_min": 6.96999979019165,
    "temp_mitjana": 12.390000343322754
}