{
    "temp_max": 34.220001220703125,
    "temp_min": 22.579999923706055,
    "temp_mitjana": 27.989999771118164
}