{
    "temp_max": 23.81999969482422,
    "temp_min": 12.520000457763672,
    "temp_mitjana": 17.030000686645508
}