{
    "temp_max": 23.81999969482422,
    "temp_min": 7.079999923706055,
    "temp_mitjana": 15.960000038146973
}