{
    "temp_max": 31.81999969482422,
    "temp_min": 22.079999923706055,
    "temp_mitjana": 27.440000534057617
}