{
    "temp_max": 31.079999923706055,
    "temp_min": 13.670000076293945,
    "temp_mitjana": 21.270000457763672
}