{
    "temp_max": 25.43000030517578,
    "temp_min": 14.520000457763672,
    "temp_mitjana": 19.559999465942383
}