{
    "temp_max": 23.920000076293945,
    "temp_min": 10.979999542236328,
    "temp_mitjana": 16.899999618530273
}