{
    "temp_max": 27.1200008392334,
    "temp_min": 15.979999542236328,
    "temp_mitjana": 22.239999771118164
}