{
    "temp_max": 17.170000076293945,
    "temp_min": 8.390000343322754,
    "temp_mitjana": 13.569999694824219
}