{
    "temp_max": 36.41999816894531,
    "temp_min": 21.030000686645508,
    "temp_mitjana": 27.6200008392334
}