{
    "temp_max": 13.729999542236328,
    "temp_min": 4.28000020980835,
    "temp_mitjana": 10.630000114440918
}