{
    "temp_max": 14.770000457763672,
    "temp_min": 1.5800000429153442,
    "temp_mitjana": 10.119999885559082
}