{
    "temp_max": 32.31999969482422,
    "temp_min": 22.469999313354492,
    "temp_mitjana": 26.549999237060547
}