{
    "temp_max": 32.72999954223633,
    "temp_min": 21.229999542236328,
    "temp_mitjana": 27.010000228881836
}