{
    "temp_max": 14.880000114440918,
    "temp_min": 1.2300000190734863,
    "temp_mitjana": 9.390000343322754
}