{
    "temp_max": 21.420000076293945,
    "temp_min": 12.880000114440918,
    "temp_mitjana": 17.610000610351562
}