{
    "temp_max": 31.469999313354492,
    "temp_min": 21.93000030517578,
    "temp_mitjana": 26.309999465942383
}