{
    "temp_max": 28.6299991607666,
    "temp_min": 19.520000457763672,
    "temp_mitjana": 24.239999771118164
}