{
    "temp_max": 17.530000686645508,
    "temp_min": 7.420000076293945,
    "temp_mitjana": 12.239999771118164
}