{
    "temp_max": 33.47999954223633,
    "temp_min": 21.43000030517578,
    "temp_mitjana": 27.670000076293945
}