{
    "temp_max": 15.770000457763672,
    "temp_min": 7.130000114440918,
    "temp_mitjana": 10.829999923706055
}