{
    "temp_max": 21.170000076293945,
    "temp_min": 4.03000020980835,
    "temp_mitjana": 12.329999923706055
}