{
    "temp_max": 14.470000267028809,
    "temp_min": 3.7799999713897705,
    "temp_mitjana": 10.6899995803833
}