{
    "temp_max": 34.58000183105469,
    "temp_min": 22.219999313354492,
    "temp_mitjana": 27.65999984741211
}