{
    "temp_max": 31.68000030517578,
    "temp_min": 20.3700008392334,
    "temp_mitjana": 26.110000610351562
}