{
    "temp_max": 17.56999969482422,
    "temp_min": 8.270000457763672,
    "temp_mitjana": 12.020000457763672
}