{
    "temp_max": 32.97999954223633,
    "temp_min": 17.770000457763672,
    "temp_mitjana": 23.90999984741211
}