{
    "temp_max": 28.729999542236328,
    "temp_min": 15.319999694824219,
    "temp_mitjana": 21.600000381469727
}