{
    "temp_max": 34.91999816894531,
    "temp_min": 22.6299991607666,
    "temp_mitjana": 28.209999084472656
}