{
    "temp_max": 30.1299991607666,
    "temp_min": 14.970000267028809,
    "temp_mitjana": 20.780000686645508
}