{
    "temp_max": 24.270000457763672,
    "temp_min": 12.979999542236328,
    "temp_mitjana": 19.149999618530273
}