{
    "temp_max": 34.56999969482422,
    "temp_min": 22.420000076293945,
    "temp_mitjana": 27.059999465942383
}