{
    "temp_max": 14.119999885559082,
    "temp_min": 6.519999980926514,
    "temp_mitjana": 10.930000305175781
}