{
    "temp_max": 31.670000076293945,
    "temp_min": 22.079999923706055,
    "temp_mitjana": 27.440000534057617
}