{
    "temp_max": 16.020000457763672,
    "temp_min": 8.029999732971191,
    "temp_mitjana": 13.449999809265137
}