{
    "temp_max": 29.229999542236328,
    "temp_min": 19.31999969482422,
    "temp_mitjana": 24.110000610351562
}