{
    "temp_max": 32.31999969482422,
    "temp_min": 20.219999313354492,
    "temp_mitjana": 25.389999389648438
}