{
    "temp_max": 19.3700008392334,
    "temp_min": 6.880000114440918,
    "temp_mitjana": 11.729999542236328
}