{
    "temp_max": 29.530000686645508,
    "temp_min": 18.469999313354492,
    "temp_mitjana": 23.799999237060547
}