{
    "temp_max": 25.719999313354492,
    "temp_min": 14.670000076293945,
    "temp_mitjana": 19.950000762939453
}