{
    "temp_max": 26.579999923706055,
    "temp_min": 17.280000686645508,
    "temp_mitjana": 21.8799991607666
}