{
    "temp_max": 23.829999923706055,
    "temp_min": 12.770000457763672,
    "temp_mitjana": 17.969999313354492
}