{
    "temp_max": 14.380000114440918,
    "temp_min": 5.53000020980835,
    "temp_mitjana": 9.15999984741211
}