{
    "temp_max": 24.170000076293945,
    "temp_min": 15.479999542236328,
    "temp_mitjana": 19.549999237060547
}