{
    "temp_max": 31.479999542236328,
    "temp_min": 20.020000457763672,
    "temp_mitjana": 25.329999923706055
}