{
    "temp_max": 35.02000045776367,
    "temp_min": 22.170000076293945,
    "temp_mitjana": 28.139999389648438
}