{
    "temp_max": 28.530000686645508,
    "temp_min": 15.279999732971191,
    "temp_mitjana": 20.920000076293945
}