{
    "temp_max": 21.719999313354492,
    "temp_min": 8.130000114440918,
    "temp_mitjana": 15.850000381469727
}