{
    "temp_max": 34.27000045776367,
    "temp_min": 22.18000030517578,
    "temp_mitjana": 28.190000534057617
}