{
    "temp_max": 16.18000030517578,
    "temp_min": 6.46999979019165,
    "temp_mitjana": 10.720000267028809
}