{
    "temp_max": 28.670000076293945,
    "temp_min": 18.719999313354492,
    "temp_mitjana": 23.280000686645508
}