{
    "temp_max": 22.81999969482422,
    "temp_min": 10.579999923706055,
    "temp_mitjana": 16.43000030517578
}