{
    "temp_max": 23.579999923706055,
    "temp_min": 13.420000076293945,
    "temp_mitjana": 18.15999984741211
}