{
    "temp_max": 25.43000030517578,
    "temp_min": 13.819999694824219,
    "temp_mitjana": 19.450000762939453
}