{
    "temp_max": 31.1299991607666,
    "temp_min": 13.869999885559082,
    "temp_mitjana": 21.299999237060547
}