{
    "temp_max": 23.719999313354492,
    "temp_min": 10.319999694824219,
    "temp_mitjana": 16.770000457763672
}