{
    "temp_max": 18.079999923706055,
    "temp_min": 7.519999980926514,
    "temp_mitjana": 12.4399995803833
}