{
    "temp_max": 28.3700008392334,
    "temp_min": 12.880000114440918,
    "temp_mitjana": 18.940000534057617
}