{
    "temp_max": 26.1299991607666,
    "temp_min": 9.970000267028809,
    "temp_mitjana": 15.84000015258789
}