{
    "temp_max": 29.329999923706055,
    "temp_min": 18.670000076293945,
    "temp_mitjana": 23.780000686645508
}