{
    "temp_max": 14.779999732971191,
    "temp_min": 4.820000171661377,
    "temp_mitjana": 9.699999809265137
}