{
    "temp_max": 23.979999542236328,
    "temp_min": 13.619999885559082,
    "temp_mitjana": 18.760000228881836
}