{
    "temp_max": 22.520000457763672,
    "temp_min": 12.270000457763672,
    "temp_mitjana": 17.700000762939453
}