{
    "temp_max": 27.1200008392334,
    "temp_min": 10.180000305175781,
    "temp_mitjana": 17.829999923706055
}