{
    "temp_max": 34.56999969482422,
    "temp_min": 19.229999542236328,
    "temp_mitjana": 25.309999465942383
}