{
    "temp_max": 32.27000045776367,
    "temp_min": 22.670000076293945,
    "temp_mitjana": 27.239999771118164
}