{
    "temp_max": 15.819999694824219,
    "temp_min": 5.96999979019165,
    "temp_mitjana": 10.529999732971191
}