{
    "temp_max": 22.8799991607666,
    "temp_min": 5.869999885559082,
    "temp_mitjana": 12.9399995803833
}