{
    "temp_max": 32.380001068115234,
    "temp_min": 19.969999313354492,
    "temp_mitjana": 25.510000228881836
}