{
    "temp_max": 33.56999969482422,
    "temp_min": 20.8700008392334,
    "temp_mitjana": 26.860000610351562
}