{
    "temp_max": 13.520000457763672,
    "temp_min": 4.269999980926514,
    "temp_mitjana": 9.140000343322754
}