{
    "temp_max": 28.8700008392334,
    "temp_min": 18.030000686645508,
    "temp_mitjana": 23.6200008392334
}