{
    "temp_max": 30.219999313354492,
    "temp_min": 20.079999923706055,
    "temp_mitjana": 24.299999237060547
}