{
    "temp_max": 19.31999969482422,
    "temp_min": 6.869999885559082,
    "temp_mitjana": 11.739999771118164
}