{
    "temp_max": 15.930000305175781,
    "temp_min": 6.329999923706055,
    "temp_mitjana": 10.890000343322754
}