{
    "temp_max": 27.770000457763672,
    "temp_min": 17.030000686645508,
    "temp_mitjana": 22.610000610351562
}