{
    "temp_max": 23.43000030517578,
    "temp_min": 14.369999885559082,
    "temp_mitjana": 17.8799991607666
}