{
    "temp_max": 28.8700008392334,
    "temp_min": 18.06999969482422,
    "temp_mitjana": 22.940000534057617
}