{
    "temp_max": 23.579999923706055,
    "temp_min": 13.369999885559082,
    "temp_mitjana": 17.739999771118164
}