{
    "temp_max": 29.829999923706055,
    "temp_min": 19.43000030517578,
    "temp_mitjana": 24.850000381469727
}