{
    "temp_max": 32.52000045776367,
    "temp_min": 20.030000686645508,
    "temp_mitjana": 27.360000610351562
}