{
    "temp_max": 18.530000686645508,
    "temp_min": 6.71999979019165,
    "temp_mitjana": 12.220000267028809
}