{
    "temp_max": 21.979999542236328,
    "temp_min": 10.770000457763672,
    "temp_mitjana": 16.469999313354492
}