{
    "temp_max": 33.93000030517578,
    "temp_min": 20.719999313354492,
    "temp_mitjana": 26.290000915527344
}