{
    "temp_max": 20.329999923706055,
    "temp_min": 6.769999980926514,
    "temp_mitjana": 13.569999694824219
}