{
    "temp_max": 22.770000457763672,
    "temp_min": 14.119999885559082,
    "temp_mitjana": 18.719999313354492
}