{
    "temp_max": 28.920000076293945,
    "temp_min": 18.520000457763672,
    "temp_mitjana": 23.989999771118164
}