{
    "temp_max": 33.720001220703125,
    "temp_min": 22.1299991607666,
    "temp_mitjana": 27.799999237060547
}