{
    "temp_max": 32.130001068115234,
    "temp_min": 22.280000686645508,
    "temp_mitjana": 27.200000762939453
}